ambient_temperature,battery_id,test_id,filenames,Capacity_Fraction,Capacity,Re,Rct,SOH
24.96057416,6,0,cycle1,1,2.7,0.002249,0.2817,100
29.29918029,6,1,cycle2,0.9996997,2.699189189,0.002251251,0.281981982,99.94
26.75102123,6,2,cycle3,0.999399399,2.698378378,0.002253503,0.282263964,99.88
27.44941298,6,3,cycle4,0.999099099,2.697567568,0.002255754,0.282545946,99.83
24.11610877,6,4,cycle5,0.998798799,2.696756757,0.002258005,0.282827928,99.77
25.08758756,6,5,cycle6,0.998498498,2.695945946,0.002260256,0.28310991,99.71
26.71711842,6,6,cycle7,0.998198198,2.695135135,0.002262508,0.283391892,99.65
25.40310842,6,7,cycle8,0.997897898,2.694324324,0.002264759,0.283673874,99.6
26.45137191,6,8,cycle9,0.997597598,2.693513514,0.00226701,0.283955856,99.54
29.3876705,6,9,cycle10,0.997297297,2.692702703,0.002269261,0.284237838,99.48
27.15768652,6,10,cycle11,0.996996997,2.691891892,0.002271513,0.28451982,99.42
27.35648719,6,11,cycle12,0.996696697,2.691081081,0.002273764,0.284801802,99.37
29.9040315,6,12,cycle13,0.996396396,2.69027027,0.002276015,0.285083784,99.31
27.60942966,6,13,cycle14,0.996096096,2.689459459,0.002278266,0.285365766,99.25
25.57209869,6,14,cycle15,0.995795796,2.688648649,0.002280518,0.285647748,99.19
25.93989585,6,15,cycle16,0.995495495,2.687837838,0.002282769,0.28592973,99.14
28.56532386,6,16,cycle17,0.995195195,2.687027027,0.00228502,0.286211712,99.08
25.01045286,6,17,cycle18,0.994894895,2.686216216,0.002287271,0.286493694,99.02
28.54472573,6,18,cycle19,0.994594595,2.685405405,0.002289523,0.286775676,98.97
28.28119133,6,19,cycle20,0.994294294,2.684594595,0.002291774,0.287057658,98.91
26.73057126,6,20,cycle21,0.993993994,2.683783784,0.002294025,0.28733964,98.85
27.27065826,6,21,cycle22,0.993693694,2.682972973,0.002296276,0.287621622,98.8
29.20264645,6,22,cycle23,0.993393393,2.682162162,0.002298528,0.287903604,98.74
29.23427314,6,23,cycle24,0.993093093,2.681351351,0.002300779,0.288185586,98.69
26.87063934,6,24,cycle25,0.992792793,2.680540541,0.00230303,0.288467568,98.63
24.29591502,6,25,cycle26,0.992492492,2.67972973,0.002305281,0.28874955,98.57
26.90230549,6,26,cycle27,0.992192192,2.678918919,0.002307533,0.289031532,98.52
28.12066766,6,27,cycle28,0.991891892,2.678108108,0.002309784,0.289313514,98.46
29.80570551,6,28,cycle29,0.991591592,2.677297297,0.002312035,0.289595495,98.4
29.22214433,6,29,cycle30,0.991291291,2.676486486,0.002314286,0.289877477,98.35
26.40798401,6,30,cycle31,0.990990991,2.675675676,0.002316538,0.290159459,98.29
26.61081811,6,31,cycle32,0.990690691,2.674864865,0.002318789,0.290441441,98.24
27.80814069,6,32,cycle33,0.99039039,2.674054054,0.00232104,0.290723423,98.18
25.07059048,6,33,cycle34,0.99009009,2.673243243,0.002323291,0.291005405,98.13
29.11656547,6,34,cycle35,0.98978979,2.672432432,0.002325543,0.291287387,98.07
24.99861619,6,35,cycle36,0.989489489,2.671621622,0.002327794,0.291569369,98.02
26.23251648,6,36,cycle37,0.989189189,2.670810811,0.002330045,0.291851351,97.96
26.95222951,6,37,cycle38,0.988888889,2.67,0.002332296,0.292133333,97.9
28.45522265,6,38,cycle39,0.988588589,2.669189189,0.002334548,0.292415315,97.85
28.07566848,6,39,cycle40,0.988288288,2.668378378,0.002336799,0.292697297,97.79
28.46090409,6,40,cycle41,0.987987988,2.667567568,0.00233905,0.292979279,97.74
25.16343975,6,41,cycle42,0.987687688,2.666756757,0.002341301,0.293261261,97.68
26.13617502,6,42,cycle43,0.987387387,2.665945946,0.002343553,0.293543243,97.63
24.55907474,6,43,cycle44,0.987087087,2.665135135,0.002345804,0.293825225,97.57
27.71555459,6,44,cycle45,0.986786787,2.664324324,0.002348055,0.294107207,97.52
25.72711115,6,45,cycle46,0.986486486,2.663513514,0.002350306,0.294389189,97.47
24.08894026,6,46,cycle47,0.986186186,2.662702703,0.002352558,0.294671171,97.41
26.09872896,6,47,cycle48,0.985885886,2.661891892,0.002354809,0.294953153,97.36
27.62353084,6,48,cycle49,0.985585586,2.661081081,0.00235706,0.295235135,97.3
28.68138399,6,49,cycle50,0.985285285,2.66027027,0.002359311,0.295517117,97.25
29.18313568,6,50,cycle51,0.984984985,2.659459459,0.002361563,0.295799099,97.19
25.69570811,6,51,cycle52,0.984684685,2.658648649,0.002363814,0.296081081,97.14
29.57827755,6,52,cycle53,0.984384384,2.657837838,0.002366065,0.296363063,97.08
28.8194183,6,53,cycle54,0.984084084,2.657027027,0.002368316,0.296645045,97.03
25.92997912,6,54,cycle55,0.983783784,2.656216216,0.002370568,0.296927027,96.98
27.8657725,6,55,cycle56,0.983483483,2.655405405,0.002372819,0.297209009,96.92
24.16121243,6,56,cycle57,0.983183183,2.654594595,0.00237507,0.297490991,96.87
24.34476741,6,57,cycle58,0.982882883,2.653783784,0.002377321,0.297772973,96.81
27.27012817,6,58,cycle59,0.982582583,2.652972973,0.002379573,0.298054955,96.76
26.01531343,6,59,cycle60,0.982282282,2.652162162,0.002381824,0.298336937,96.71
24.12893065,6,60,cycle61,0.981981982,2.651351351,0.002384075,0.298618919,96.65
26.95999434,6,61,cycle62,0.981681682,2.650540541,0.002386326,0.298900901,96.6
28.83969395,6,62,cycle63,0.981381381,2.64972973,0.002388578,0.299182883,96.55
28.79081433,6,63,cycle64,0.981081081,2.648918919,0.002390829,0.299464865,96.49
25.23635156,6,64,cycle65,0.980780781,2.648108108,0.00239308,0.299746847,96.44
26.26555553,6,65,cycle66,0.98048048,2.647297297,0.002395331,0.300028829,96.39
29.25563375,6,66,cycle67,0.98018018,2.646486486,0.002397583,0.300310811,96.33
27.49845948,6,67,cycle68,0.97987988,2.645675676,0.002399834,0.300592793,96.28
27.41107846,6,68,cycle69,0.97957958,2.644864865,0.002402085,0.300874775,96.23
27.48269625,6,69,cycle70,0.979279279,2.644054054,0.002404336,0.301156757,96.17
26.91492847,6,70,cycle71,0.978978979,2.643243243,0.002406588,0.301438739,96.12
28.12320394,6,71,cycle72,0.978678679,2.642432432,0.002408839,0.301720721,96.07
24.86387972,6,72,cycle73,0.978378378,2.641621622,0.00241109,0.302002703,96.01
27.51475034,6,73,cycle74,0.978078078,2.640810811,0.002413341,0.302284685,95.96
28.39858041,6,74,cycle75,0.977777778,2.64,0.002415593,0.302566667,95.91
29.30900731,6,75,cycle76,0.977477477,2.639189189,0.002417844,0.302848649,95.86
25.86904026,6,76,cycle77,0.977177177,2.638378378,0.002420095,0.303130631,95.8
28.76174015,6,77,cycle78,0.976876877,2.637567568,0.002422346,0.303412613,95.75
29.75971111,6,78,cycle79,0.976576577,2.636756757,0.002424598,0.303694595,95.7
28.53803233,6,79,cycle80,0.976276276,2.635945946,0.002426849,0.303976577,95.65
28.86084895,6,80,cycle81,0.975975976,2.635135135,0.0024291,0.304258559,95.59
26.11593241,6,81,cycle82,0.975675676,2.634324324,0.002431351,0.304540541,95.54
26.23016303,6,82,cycle83,0.975375375,2.633513514,0.002433603,0.304822523,95.49
26.81296888,6,83,cycle84,0.975075075,2.632702703,0.002435854,0.305104505,95.44
27.77364969,6,84,cycle85,0.974774775,2.631891892,0.002438105,0.305386486,95.38
26.46616611,6,85,cycle86,0.974474474,2.631081081,0.002440356,0.305668468,95.33
28.88042424,6,86,cycle87,0.974174174,2.63027027,0.002442608,0.30595045,95.28
25.83770652,6,87,cycle88,0.973873874,2.629459459,0.002444859,0.306232432,95.23
25.59702746,6,88,cycle89,0.973573574,2.628648649,0.00244711,0.306514414,95.18
26.26147009,6,89,cycle90,0.973273273,2.627837838,0.002449361,0.306796396,95.12
28.88066574,6,90,cycle91,0.972972973,2.627027027,0.002451613,0.307078378,95.07
28.90883773,6,91,cycle92,0.972672673,2.626216216,0.002453864,0.30736036,95.02
24.98558027,6,92,cycle93,0.972372372,2.625405405,0.002456115,0.307642342,94.97
28.76031286,6,93,cycle94,0.972072072,2.624594595,0.002458366,0.307924324,94.92
26.42559128,6,94,cycle95,0.971771772,2.623783784,0.002460618,0.308206306,94.87
29.70849831,6,95,cycle96,0.971471471,2.622972973,0.002462869,0.308488288,94.81
29.35461208,6,96,cycle97,0.971171171,2.622162162,0.00246512,0.30877027,94.76
24.67148744,6,97,cycle98,0.970870871,2.621351351,0.002467371,0.309052252,94.71
26.76988111,6,98,cycle99,0.970570571,2.620540541,0.002469623,0.309334234,94.66
27.45076701,6,99,cycle100,0.97027027,2.61972973,0.002471874,0.309616216,94.61
27.82762446,6,100,cycle101,0.96996997,2.618918919,0.002474125,0.309898198,94.56
26.54962568,6,101,cycle102,0.96966967,2.618108108,0.002476376,0.31018018,94.51
24.92888079,6,102,cycle103,0.969369369,2.617297297,0.002478628,0.310462162,94.46
29.99146205,6,103,cycle104,0.969069069,2.616486486,0.002480879,0.310744144,94.41
29.01194467,6,104,cycle105,0.968768769,2.615675676,0.00248313,0.311026126,94.35
29.96845031,6,105,cycle106,0.968468468,2.614864865,0.002485381,0.311308108,94.3
26.87114721,6,106,cycle107,0.968168168,2.614054054,0.002487633,0.31159009,94.25
24.2527123,6,107,cycle108,0.967867868,2.613243243,0.002489884,0.311872072,94.2
28.59205556,6,108,cycle109,0.967567568,2.612432432,0.002492135,0.312154054,94.15
28.30058041,6,109,cycle110,0.967267267,2.611621622,0.002494386,0.312436036,94.1
24.56482981,6,110,cycle111,0.966966967,2.610810811,0.002496638,0.312718018,94.05
26.59967059,6,111,cycle112,0.966666667,2.61,0.002498889,0.313,94
26.22072651,6,112,cycle113,0.966366366,2.609189189,0.00250114,0.313281982,93.95
27.28211805,6,113,cycle114,0.966066066,2.608378378,0.002503391,0.313563964,93.9
25.35007245,6,114,cycle115,0.965765766,2.607567568,0.002505643,0.313845946,93.85
24.95894648,6,115,cycle116,0.965465465,2.606756757,0.002507894,0.314127928,93.8
24.11866903,6,116,cycle117,0.965165165,2.605945946,0.002510145,0.31440991,93.75
29.36213638,6,117,cycle118,0.964864865,2.605135135,0.002512396,0.314691892,93.7
26.12535716,6,118,cycle119,0.964564565,2.604324324,0.002514648,0.314973874,93.65
25.34855135,6,119,cycle120,0.964264264,2.603513514,0.002516899,0.315255856,93.6
28.59459155,6,120,cycle121,0.963963964,2.602702703,0.00251915,0.315537838,93.55
29.5314027,6,121,cycle122,0.963663664,2.601891892,0.002521401,0.31581982,93.5
26.52374346,6,122,cycle123,0.963363363,2.601081081,0.002523653,0.316101802,93.45
28.41112412,6,123,cycle124,0.963063063,2.60027027,0.002525904,0.316383784,93.4
24.42661257,6,124,cycle125,0.962762763,2.599459459,0.002528155,0.316665766,93.35
28.50356043,6,125,cycle126,0.962462462,2.598648649,0.002530406,0.316947748,93.3
24.93679956,6,126,cycle127,0.962162162,2.597837838,0.002532658,0.31722973,93.25
26.3568017,6,127,cycle128,0.961861862,2.597027027,0.002534909,0.317511712,93.2
28.80250697,6,128,cycle129,0.961561562,2.596216216,0.00253716,0.317793694,93.15
27.40607116,6,129,cycle130,0.961261261,2.595405405,0.002539411,0.318075676,93.1
26.67499944,6,130,cycle131,0.960960961,2.594594595,0.002541663,0.318357658,93.05
27.74018143,6,131,cycle132,0.960660661,2.593783784,0.002543914,0.31863964,93
28.41034592,6,132,cycle133,0.96036036,2.592972973,0.002546165,0.318921622,92.95
26.67999724,6,133,cycle134,0.96006006,2.592162162,0.002548416,0.319203604,92.9
28.57790163,6,134,cycle135,0.95975976,2.591351351,0.002550668,0.319485586,92.85
27.71906614,6,135,cycle136,0.959459459,2.590540541,0.002552919,0.319767568,92.81
25.13400823,6,136,cycle137,0.959159159,2.58972973,0.00255517,0.32004955,92.76
26.63460782,6,137,cycle138,0.958858859,2.588918919,0.002557421,0.320331532,92.71
26.13724841,6,138,cycle139,0.958558559,2.588108108,0.002559673,0.320613514,92.66
28.46890472,6,139,cycle140,0.958258258,2.587297297,0.002561924,0.320895495,92.61
29.89339115,6,140,cycle141,0.957957958,2.586486486,0.002564175,0.321177477,92.56
26.54912624,6,141,cycle142,0.957657658,2.585675676,0.002566426,0.321459459,92.51
27.18334985,6,142,cycle143,0.957357357,2.584864865,0.002568678,0.321741441,92.46
24.37471885,6,143,cycle144,0.957057057,2.584054054,0.002570929,0.322023423,92.41
28.1588802,6,144,cycle145,0.956756757,2.583243243,0.00257318,0.322305405,92.37
28.18464658,6,145,cycle146,0.956456456,2.582432432,0.002575431,0.322587387,92.32
24.27621302,6,146,cycle147,0.956156156,2.581621622,0.002577683,0.322869369,92.27
24.19021567,6,147,cycle148,0.955855856,2.580810811,0.002579934,0.323151351,92.22
26.20971661,6,148,cycle149,0.955555556,2.58,0.002582185,0.323433333,92.17
25.5950381,6,149,cycle150,0.955255255,2.579189189,0.002584436,0.323715315,92.12
28.6248557,6,150,cycle151,0.954954955,2.578378378,0.002586688,0.323997297,92.08
28.27329639,6,151,cycle152,0.954654655,2.577567568,0.002588939,0.324279279,92.03
24.88273985,6,152,cycle153,0.954354354,2.576756757,0.00259119,0.324561261,91.98
25.47754367,6,153,cycle154,0.954054054,2.575945946,0.002593441,0.324843243,91.93
26.22250991,6,154,cycle155,0.953753754,2.575135135,0.002595693,0.325125225,91.88
26.68030276,6,155,cycle156,0.953453453,2.574324324,0.002597944,0.325407207,91.83
28.0176753,6,156,cycle157,0.953153153,2.573513514,0.002600195,0.325689189,91.79
24.63082315,6,157,cycle158,0.952852853,2.572702703,0.002602446,0.325971171,91.74
25.93118635,6,158,cycle159,0.952552553,2.571891892,0.002604698,0.326253153,91.69
24.63405701,6,159,cycle160,0.952252252,2.571081081,0.002606949,0.326535135,91.64
28.07072639,6,160,cycle161,0.951951952,2.57027027,0.0026092,0.326817117,91.6
26.62254384,6,161,cycle162,0.951651652,2.569459459,0.002611451,0.327099099,91.55
28.4246499,6,162,cycle163,0.951351351,2.568648649,0.002613703,0.327381081,91.5
27.05863945,6,163,cycle164,0.951051051,2.567837838,0.002615954,0.327663063,91.45
27.0661463,6,164,cycle165,0.950750751,2.567027027,0.002618205,0.327945045,91.4
27.10175289,6,165,cycle166,0.95045045,2.566216216,0.002620456,0.328227027,91.36
28.83382468,6,166,cycle167,0.95015015,2.565405405,0.002622708,0.328509009,91.31
27.90266676,6,167,cycle168,0.94984985,2.564594595,0.002624959,0.328790991,91.26
26.16539667,6,168,cycle169,0.94954955,2.563783784,0.00262721,0.329072973,91.21
28.23034208,6,169,cycle170,0.949249249,2.562972973,0.002629461,0.329354955,91.17
24.38765695,6,170,cycle171,0.948948949,2.562162162,0.002631713,0.329636937,91.12
28.5504334,6,171,cycle172,0.948648649,2.561351351,0.002633964,0.329918919,91.07
28.17419913,6,172,cycle173,0.948348348,2.560540541,0.002636215,0.330200901,91.03
26.51820495,6,173,cycle174,0.948048048,2.55972973,0.002638466,0.330482883,90.98
25.67351916,6,174,cycle175,0.947747748,2.558918919,0.002640718,0.330764865,90.93
27.04898746,6,175,cycle176,0.947447447,2.558108108,0.002642969,0.331046847,90.88
26.5405721,6,176,cycle177,0.947147147,2.557297297,0.00264522,0.331328829,90.84
27.53737066,6,177,cycle178,0.946846847,2.556486486,0.002647471,0.331610811,90.79
24.42185291,6,178,cycle179,0.946546547,2.555675676,0.002649723,0.331892793,90.74
27.69304738,6,179,cycle180,0.946246246,2.554864865,0.002651974,0.332174775,90.7
26.65406676,6,180,cycle181,0.945945946,2.554054054,0.002654225,0.332456757,90.65
29.84761611,6,181,cycle182,0.945645646,2.553243243,0.002656476,0.332738739,90.6
24.41442237,6,182,cycle183,0.945345345,2.552432432,0.002658728,0.333020721,90.56
25.06325213,6,183,cycle184,0.945045045,2.551621622,0.002660979,0.333302703,90.51
24.25807262,6,184,cycle185,0.944744745,2.550810811,0.00266323,0.333584685,90.46
25.91090699,6,185,cycle186,0.944444444,2.55,0.002665481,0.333866667,90.42
24.40953994,6,186,cycle187,0.944144144,2.549189189,0.002667733,0.334148649,90.37
29.0570364,6,187,cycle188,0.943843844,2.548378378,0.002669984,0.334430631,90.32
25.98062353,6,188,cycle189,0.943543544,2.547567568,0.002672235,0.334712613,90.28
29.17981637,6,189,cycle190,0.943243243,2.546756757,0.002674486,0.334994595,90.23
28.72580681,6,190,cycle191,0.942942943,2.545945946,0.002676738,0.335276577,90.18
24.17984972,6,191,cycle192,0.942642643,2.545135135,0.002678989,0.335558559,90.14
24.55163524,6,192,cycle193,0.942342342,2.544324324,0.00268124,0.335840541,90.09
28.83346665,6,193,cycle194,0.942042042,2.543513514,0.002683491,0.336122523,90.05
25.27718012,6,194,cycle195,0.941741742,2.542702703,0.002685743,0.336404505,90
29.76062898,6,195,cycle196,0.941441441,2.541891892,0.002687994,0.336686486,89.95
24.4342535,6,196,cycle197,0.941141141,2.541081081,0.002690245,0.336968468,89.91
25.46665191,6,197,cycle198,0.940840841,2.54027027,0.002692496,0.33725045,89.86
27.09401103,6,198,cycle199,0.940540541,2.539459459,0.002694748,0.337532432,89.82
27.01089234,6,199,cycle200,0.94024024,2.538648649,0.002696999,0.337814414,89.77
24.74203762,6,200,cycle201,0.93993994,2.537837838,0.00269925,0.338096396,89.72
26.6546931,6,201,cycle202,0.93963964,2.537027027,0.002701502,0.338378378,89.68
28.34301689,6,202,cycle203,0.939339339,2.536216216,0.002703753,0.33866036,89.63
29.46401602,6,203,cycle204,0.939039039,2.535405405,0.002706004,0.338942342,89.59
27.02482342,6,204,cycle205,0.938738739,2.534594595,0.002708255,0.339224324,89.54
29.30026122,6,205,cycle206,0.938438438,2.533783784,0.002710507,0.339506306,89.5
25.12707526,6,206,cycle207,0.938138138,2.532972973,0.002712758,0.339788288,89.45
24.90184333,6,207,cycle208,0.937837838,2.532162162,0.002715009,0.34007027,89.4
27.44734987,6,208,cycle209,0.937537538,2.531351351,0.00271726,0.340352252,89.36
28.0943708,6,209,cycle210,0.937237237,2.530540541,0.002719512,0.340634234,89.31
27.32812377,6,210,cycle211,0.936936937,2.52972973,0.002721763,0.340916216,89.27
25.48114969,6,211,cycle212,0.936636637,2.528918919,0.002724014,0.341198198,89.22
26.29986549,6,212,cycle213,0.936336336,2.528108108,0.002726265,0.34148018,89.18
25.14767379,6,213,cycle214,0.936036036,2.527297297,0.002728517,0.341762162,89.13
28.50157131,6,214,cycle215,0.935735736,2.526486486,0.002730768,0.342044144,89.09
28.3279185,6,215,cycle216,0.935435435,2.525675676,0.002733019,0.342326126,89.04
24.00639199,6,216,cycle217,0.935135135,2.524864865,0.00273527,0.342608108,89
25.89109648,6,217,cycle218,0.934834835,2.524054054,0.002737522,0.34289009,88.95
24.14693354,6,218,cycle219,0.934534535,2.523243243,0.002739773,0.343172072,88.91
25.61554053,6,219,cycle220,0.934234234,2.522432432,0.002742024,0.343454054,88.86
25.90044543,6,220,cycle221,0.933933934,2.521621622,0.002744275,0.343736036,88.82
26.23302357,6,221,cycle222,0.933633634,2.520810811,0.002746527,0.344018018,88.77
29.39837816,6,222,cycle223,0.933333333,2.52,0.002748778,0.3443,88.73
27.68306438,6,223,cycle224,0.933033033,2.519189189,0.002751029,0.344581982,88.68
27.00794904,6,224,cycle225,0.932732733,2.518378378,0.00275328,0.344863964,88.64
29.11814159,6,225,cycle226,0.932432432,2.517567568,0.002755532,0.345145946,88.59
26.91902033,6,226,cycle227,0.932132132,2.516756757,0.002757783,0.345427928,88.55
26.90897548,6,227,cycle228,0.931831832,2.515945946,0.002760034,0.34570991,88.5
29.04749082,6,228,cycle229,0.931531532,2.515135135,0.002762285,0.345991892,88.46
24.54840029,6,229,cycle230,0.931231231,2.514324324,0.002764537,0.346273874,88.41
25.22556421,6,230,cycle231,0.930930931,2.513513514,0.002766788,0.346555856,88.37
25.92274072,6,231,cycle232,0.930630631,2.512702703,0.002769039,0.346837838,88.33
26.74645301,6,232,cycle233,0.93033033,2.511891892,0.00277129,0.34711982,88.28
27.3329513,6,233,cycle234,0.93003003,2.511081081,0.002773542,0.347401802,88.24
28.51034767,6,234,cycle235,0.92972973,2.51027027,0.002775793,0.347683784,88.19
25.66627779,6,235,cycle236,0.929429429,2.509459459,0.002778044,0.347965766,88.15
27.69344197,6,236,cycle237,0.929129129,2.508648649,0.002780295,0.348247748,88.1
24.22570398,6,237,cycle238,0.928828829,2.507837838,0.002782547,0.34852973,88.06
28.4572379,6,238,cycle239,0.928528529,2.507027027,0.002784798,0.348811712,88.02
26.9102156,6,239,cycle240,0.928228228,2.506216216,0.002787049,0.349093694,87.97
24.72052059,6,240,cycle241,0.927927928,2.505405405,0.0027893,0.349375676,87.93
28.40050385,6,241,cycle242,0.927627628,2.504594595,0.002791552,0.349657658,87.88
29.03633839,6,242,cycle243,0.927327327,2.503783784,0.002793803,0.34993964,87.84
26.0002329,6,243,cycle244,0.927027027,2.502972973,0.002796054,0.350221622,87.8
25.21371639,6,244,cycle245,0.926726727,2.502162162,0.002798305,0.350503604,87.75
28.16960817,6,245,cycle246,0.926426426,2.501351351,0.002800557,0.350785586,87.71
29.43634763,6,246,cycle247,0.926126126,2.500540541,0.002802808,0.351067568,87.66
27.11770335,6,247,cycle248,0.925825826,2.49972973,0.002805059,0.35134955,87.62
24.21199122,6,248,cycle249,0.925525526,2.498918919,0.00280731,0.351631532,87.58
28.06134266,6,249,cycle250,0.925225225,2.498108108,0.002809562,0.351913514,87.53
24.60430802,6,250,cycle251,0.924924925,2.497297297,0.002811813,0.352195495,87.49
28.27192025,6,251,cycle252,0.924624625,2.496486486,0.002814064,0.352477477,87.45
28.21037889,6,252,cycle253,0.924324324,2.495675676,0.002816315,0.352759459,87.4
27.57634664,6,253,cycle254,0.924024024,2.494864865,0.002818567,0.353041441,87.36
26.09782276,6,254,cycle255,0.923723724,2.494054054,0.002820818,0.353323423,87.31
24.62017061,6,255,cycle256,0.923423423,2.493243243,0.002823069,0.353605405,87.27
24.00198808,6,256,cycle257,0.923123123,2.492432432,0.00282532,0.353887387,87.23
24.72782042,6,257,cycle258,0.922822823,2.491621622,0.002827572,0.354169369,87.18
24.39269116,6,258,cycle259,0.922522523,2.490810811,0.002829823,0.354451351,87.14
27.62251333,6,259,cycle260,0.922222222,2.49,0.002832074,0.354733333,87.1
27.02812297,6,260,cycle261,0.921921922,2.489189189,0.002834325,0.355015315,87.05
28.22732406,6,261,cycle262,0.921621622,2.488378378,0.002836577,0.355297297,87.01
25.76146865,6,262,cycle263,0.921321321,2.487567568,0.002838828,0.355579279,86.97
25.53171578,6,263,cycle264,0.921021021,2.486756757,0.002841079,0.355861261,86.93
25.56594548,6,264,cycle265,0.920720721,2.485945946,0.00284333,0.356143243,86.88
24.92032327,6,265,cycle266,0.92042042,2.485135135,0.002845582,0.356425225,86.84
28.95795854,6,266,cycle267,0.92012012,2.484324324,0.002847833,0.356707207,86.8
28.28740907,6,267,cycle268,0.91981982,2.483513514,0.002850084,0.356989189,86.75
24.21702315,6,268,cycle269,0.91951952,2.482702703,0.002852335,0.357271171,86.71
26.78707422,6,269,cycle270,0.919219219,2.481891892,0.002854587,0.357553153,86.67
28.79718832,6,270,cycle271,0.918918919,2.481081081,0.002856838,0.357835135,86.62
28.77500608,6,271,cycle272,0.918618619,2.48027027,0.002859089,0.358117117,86.58
29.86211385,6,272,cycle273,0.918318318,2.479459459,0.00286134,0.358399099,86.54
28.7619768,6,273,cycle274,0.918018018,2.478648649,0.002863592,0.358681081,86.5
24.58184827,6,274,cycle275,0.917717718,2.477837838,0.002865843,0.358963063,86.45
29.53793625,6,275,cycle276,0.917417417,2.477027027,0.002868094,0.359245045,86.41
27.32658836,6,276,cycle277,0.917117117,2.476216216,0.002870345,0.359527027,86.37
26.16999487,6,277,cycle278,0.916816817,2.475405405,0.002872597,0.359809009,86.33
29.07196103,6,278,cycle279,0.916516517,2.474594595,0.002874848,0.360090991,86.28
25.1202035,6,279,cycle280,0.916216216,2.473783784,0.002877099,0.360372973,86.24
24.79984725,6,280,cycle281,0.915915916,2.472972973,0.00287935,0.360654955,86.2
26.11536062,6,281,cycle282,0.915615616,2.472162162,0.002881602,0.360936937,86.16
29.52323806,6,282,cycle283,0.915315315,2.471351351,0.002883853,0.361218919,86.11
27.0003715,6,283,cycle284,0.915015015,2.470540541,0.002886104,0.361500901,86.07
25.41309273,6,284,cycle285,0.914714715,2.46972973,0.002888355,0.361782883,86.03
28.82989452,6,285,cycle286,0.914414414,2.468918919,0.002890607,0.362064865,85.99
27.89981412,6,286,cycle287,0.914114114,2.468108108,0.002892858,0.362346847,85.94
29.31588204,6,287,cycle288,0.913813814,2.467297297,0.002895109,0.362628829,85.9
26.59929691,6,288,cycle289,0.913513514,2.466486486,0.00289736,0.362910811,85.86
27.51684234,6,289,cycle290,0.913213213,2.465675676,0.002899612,0.363192793,85.82
25.0588764,6,290,cycle291,0.912912913,2.464864865,0.002901863,0.363474775,85.78
27.73390875,6,291,cycle292,0.912612613,2.464054054,0.002904114,0.363756757,85.73
29.03477009,6,292,cycle293,0.912312312,2.463243243,0.002906365,0.364038739,85.69
28.74609571,6,293,cycle294,0.912012012,2.462432432,0.002908617,0.364320721,85.65
28.6348523,6,294,cycle295,0.911711712,2.461621622,0.002910868,0.364602703,85.61
29.35781446,6,295,cycle296,0.911411411,2.460810811,0.002913119,0.364884685,85.57
29.75650853,6,296,cycle297,0.911111111,2.46,0.00291537,0.365166667,85.52
24.71022697,6,297,cycle298,0.910810811,2.459189189,0.002917622,0.365448649,85.48
24.40162498,6,298,cycle299,0.910510511,2.458378378,0.002919873,0.365730631,85.44
26.83890512,6,299,cycle300,0.91021021,2.457567568,0.002922124,0.366012613,85.4
29.06164203,6,300,cycle301,0.90990991,2.456756757,0.002924375,0.366294595,85.36
28.99972897,6,301,cycle302,0.90960961,2.455945946,0.002926627,0.366576577,85.32
25.3002598,6,302,cycle303,0.909309309,2.455135135,0.002928878,0.366858559,85.27
27.53591598,6,303,cycle304,0.909009009,2.454324324,0.002931129,0.367140541,85.23
29.7155163,6,304,cycle305,0.908708709,2.453513514,0.00293338,0.367422523,85.19
29.97424754,6,305,cycle306,0.908408408,2.452702703,0.002935632,0.367704505,85.15
29.93615829,6,306,cycle307,0.908108108,2.451891892,0.002937883,0.367986486,85.11
27.9980213,6,307,cycle308,0.907807808,2.451081081,0.002940134,0.368268468,85.07
24.29824583,6,308,cycle309,0.907507508,2.45027027,0.002942385,0.36855045,85.02
25.7978678,6,309,cycle310,0.907207207,2.449459459,0.002944637,0.368832432,84.98
29.60047498,6,310,cycle311,0.906906907,2.448648649,0.002946888,0.369114414,84.94
28.21933635,6,311,cycle312,0.906606607,2.447837838,0.002949139,0.369396396,84.9
28.3325787,6,312,cycle313,0.906306306,2.447027027,0.00295139,0.369678378,84.86
25.37669729,6,313,cycle314,0.906006006,2.446216216,0.002953642,0.36996036,84.82
25.19841318,6,314,cycle315,0.905705706,2.445405405,0.002955893,0.370242342,84.78
27.53435114,6,315,cycle316,0.905405405,2.444594595,0.002958144,0.370524324,84.74
26.95586131,6,316,cycle317,0.905105105,2.443783784,0.002960395,0.370806306,84.69
29.08634509,6,317,cycle318,0.904804805,2.442972973,0.002962647,0.371088288,84.65
26.58914473,6,318,cycle319,0.904504505,2.442162162,0.002964898,0.37137027,84.61
29.82398233,6,319,cycle320,0.904204204,2.441351351,0.002967149,0.371652252,84.57
29.99751447,6,320,cycle321,0.903903904,2.440540541,0.0029694,0.371934234,84.53
28.6481808,6,321,cycle322,0.903603604,2.43972973,0.002971652,0.372216216,84.49
26.12268962,6,322,cycle323,0.903303303,2.438918919,0.002973903,0.372498198,84.45
24.99797999,6,323,cycle324,0.903003003,2.438108108,0.002976154,0.37278018,84.41
28.4339819,6,324,cycle325,0.902702703,2.437297297,0.002978405,0.373062162,84.37
29.10549922,6,325,cycle326,0.902402402,2.436486486,0.002980657,0.373344144,84.33
29.80161248,6,326,cycle327,0.902102102,2.435675676,0.002982908,0.373626126,84.28
25.57002026,6,327,cycle328,0.901801802,2.434864865,0.002985159,0.373908108,84.24
24.42778888,6,328,cycle329,0.901501502,2.434054054,0.00298741,0.37419009,84.2
29.0408994,6,329,cycle330,0.901201201,2.433243243,0.002989662,0.374472072,84.16
26.74523981,6,330,cycle331,0.900900901,2.432432432,0.002991913,0.374754054,84.12
25.33306185,6,331,cycle332,0.900600601,2.431621622,0.002994164,0.375036036,84.08
25.11953291,6,332,cycle333,0.9003003,2.430810811,0.002996415,0.375318018,84.04
27.9408371,6,333,cycle334,0.9,2.43,0.002998667,0.3756,84
29.08441024,6,334,cycle335,0.8996997,2.429189189,0.003000918,0.375881982,83.96
25.28126773,6,335,cycle336,0.899399399,2.428378378,0.003003169,0.376163964,83.92
29.65319361,6,336,cycle337,0.899099099,2.427567568,0.00300542,0.376445946,83.88
29.05802105,6,337,cycle338,0.898798799,2.426756757,0.003007672,0.376727928,83.84
29.9613777,6,338,cycle339,0.898498498,2.425945946,0.003009923,0.37700991,83.8
27.14920088,6,339,cycle340,0.898198198,2.425135135,0.003012174,0.377291892,83.76
25.33755504,6,340,cycle341,0.897897898,2.424324324,0.003014425,0.377573874,83.72
29.90130186,6,341,cycle342,0.897597598,2.423513514,0.003016677,0.377855856,83.68
24.6848307,6,342,cycle343,0.897297297,2.422702703,0.003018928,0.378137838,83.64
24.00473499,6,343,cycle344,0.896996997,2.421891892,0.003021179,0.37841982,83.6
25.02575158,6,344,cycle345,0.896696697,2.421081081,0.00302343,0.378701802,83.56
29.83403143,6,345,cycle346,0.896396396,2.42027027,0.003025682,0.378983784,83.52
27.33491703,6,346,cycle347,0.896096096,2.419459459,0.003027933,0.379265766,83.48
25.6383907,6,347,cycle348,0.895795796,2.418648649,0.003030184,0.379547748,83.44
26.67096771,6,348,cycle349,0.895495495,2.417837838,0.003032435,0.37982973,83.4
24.13456941,6,349,cycle350,0.895195195,2.417027027,0.003034687,0.380111712,83.36
28.78773028,6,350,cycle351,0.894894895,2.416216216,0.003036938,0.380393694,83.32
29.11483334,6,351,cycle352,0.894594595,2.415405405,0.003039189,0.380675676,83.28
28.98391792,6,352,cycle353,0.894294294,2.414594595,0.00304144,0.380957658,83.24
27.32654792,6,353,cycle354,0.893993994,2.413783784,0.003043692,0.38123964,83.2
28.1429035,6,354,cycle355,0.893693694,2.412972973,0.003045943,0.381521622,83.16
25.78661636,6,355,cycle356,0.893393393,2.412162162,0.003048194,0.381803604,83.12
25.54201896,6,356,cycle357,0.893093093,2.411351351,0.003050445,0.382085586,83.08
27.63061855,6,357,cycle358,0.892792793,2.410540541,0.003052697,0.382367568,83.04
25.18820164,6,358,cycle359,0.892492492,2.40972973,0.003054948,0.38264955,83
27.06422685,6,359,cycle360,0.892192192,2.408918919,0.003057199,0.382931532,82.96
24.14310845,6,360,cycle361,0.891891892,2.408108108,0.00305945,0.383213514,82.92
25.11487444,6,361,cycle362,0.891591592,2.407297297,0.003061702,0.383495495,82.88
24.11330544,6,362,cycle363,0.891291291,2.406486486,0.003063953,0.383777477,82.84
25.67505495,6,363,cycle364,0.890990991,2.405675676,0.003066204,0.384059459,82.8
29.99398616,6,364,cycle365,0.890690691,2.404864865,0.003068455,0.384341441,82.76
26.77809656,6,365,cycle366,0.89039039,2.404054054,0.003070707,0.384623423,82.72
29.73234381,6,366,cycle367,0.89009009,2.403243243,0.003072958,0.384905405,82.68
25.43367905,6,367,cycle368,0.88978979,2.402432432,0.003075209,0.385187387,82.64
29.54203529,6,368,cycle369,0.889489489,2.401621622,0.00307746,0.385469369,82.6
27.78537975,6,369,cycle370,0.889189189,2.400810811,0.003079712,0.385751351,82.56
29.71173058,6,370,cycle371,0.888888889,2.4,0.003081963,0.386033333,82.52
26.76169474,6,371,cycle372,0.888588589,2.399189189,0.003084214,0.386315315,82.48
28.79111751,6,372,cycle373,0.888288288,2.398378378,0.003086465,0.386597297,82.44
29.80277012,6,373,cycle374,0.887987988,2.397567568,0.003088717,0.386879279,82.4
26.68137423,6,374,cycle375,0.887687688,2.396756757,0.003090968,0.387161261,82.37
27.54752061,6,375,cycle376,0.887387387,2.395945946,0.003093219,0.387443243,82.33
27.31792778,6,376,cycle377,0.887087087,2.395135135,0.00309547,0.387725225,82.29
24.31893063,6,377,cycle378,0.886786787,2.394324324,0.003097722,0.388007207,82.25
24.7034872,6,378,cycle379,0.886486486,2.393513514,0.003099973,0.388289189,82.21
26.50391267,6,379,cycle380,0.886186186,2.392702703,0.003102224,0.388571171,82.17
28.46826486,6,380,cycle381,0.885885886,2.391891892,0.003104475,0.388853153,82.13
26.32107861,6,381,cycle382,0.885585586,2.391081081,0.003106727,0.389135135,82.09
26.89876575,6,382,cycle383,0.885285285,2.39027027,0.003108978,0.389417117,82.05
28.35675249,6,383,cycle384,0.884984985,2.389459459,0.003111229,0.389699099,82.01
27.22528612,6,384,cycle385,0.884684685,2.388648649,0.00311348,0.389981081,81.97
28.8275529,6,385,cycle386,0.884384384,2.387837838,0.003115732,0.390263063,81.94
28.08886531,6,386,cycle387,0.884084084,2.387027027,0.003117983,0.390545045,81.9
26.92508298,6,387,cycle388,0.883783784,2.386216216,0.003120234,0.390827027,81.86
29.35925823,6,388,cycle389,0.883483483,2.385405405,0.003122485,0.391109009,81.82
24.63409095,6,389,cycle390,0.883183183,2.384594595,0.003124737,0.391390991,81.78
28.57631556,6,390,cycle391,0.882882883,2.383783784,0.003126988,0.391672973,81.74
27.16958835,6,391,cycle392,0.882582583,2.382972973,0.003129239,0.391954955,81.7
25.861441,6,392,cycle393,0.882282282,2.382162162,0.00313149,0.392236937,81.66
27.2262602,6,393,cycle394,0.881981982,2.381351351,0.003133742,0.392518919,81.63
26.02704693,6,394,cycle395,0.881681682,2.380540541,0.003135993,0.392800901,81.59
26.81238069,6,395,cycle396,0.881381381,2.37972973,0.003138244,0.393082883,81.55
28.98225798,6,396,cycle397,0.881081081,2.378918919,0.003140495,0.393364865,81.51
27.92090134,6,397,cycle398,0.880780781,2.378108108,0.003142747,0.393646847,81.47
29.49157754,6,398,cycle399,0.88048048,2.377297297,0.003144998,0.393928829,81.43
25.5788423,6,399,cycle400,0.88018018,2.376486486,0.003147249,0.394210811,81.39
24.00192771,6,400,cycle401,0.87987988,2.375675676,0.003149501,0.394492793,81.36
25.91363886,6,401,cycle402,0.87957958,2.374864865,0.003151752,0.394774775,81.32
26.73453198,6,402,cycle403,0.879279279,2.374054054,0.003154003,0.395056757,81.28
26.2716478,6,403,cycle404,0.878978979,2.373243243,0.003156254,0.395338739,81.24
26.01136197,6,404,cycle405,0.878678679,2.372432432,0.003158506,0.395620721,81.2
25.95309681,6,405,cycle406,0.878378378,2.371621622,0.003160757,0.395902703,81.16
26.79189224,6,406,cycle407,0.878078078,2.370810811,0.003163008,0.396184685,81.13
27.36489319,6,407,cycle408,0.877777778,2.37,0.003165259,0.396466667,81.09
29.71848892,6,408,cycle409,0.877477477,2.369189189,0.003167511,0.396748649,81.05
27.454992,6,409,cycle410,0.877177177,2.368378378,0.003169762,0.397030631,81.01
27.33160259,6,410,cycle411,0.876876877,2.367567568,0.003172013,0.397312613,80.97
24.80700714,6,411,cycle412,0.876576577,2.366756757,0.003174264,0.397594595,80.94
24.40968631,6,412,cycle413,0.876276276,2.365945946,0.003176516,0.397876577,80.9
29.33170787,6,413,cycle414,0.875975976,2.365135135,0.003178767,0.398158559,80.86
29.97605361,6,414,cycle415,0.875675676,2.364324324,0.003181018,0.398440541,80.82
28.81771925,6,415,cycle416,0.875375375,2.363513514,0.003183269,0.398722523,80.78
24.21859473,6,416,cycle417,0.875075075,2.362702703,0.003185521,0.399004505,80.74
28.33972616,6,417,cycle418,0.874774775,2.361891892,0.003187772,0.399286486,80.71
29.01295194,6,418,cycle419,0.874474474,2.361081081,0.003190023,0.399568468,80.67
27.32463115,6,419,cycle420,0.874174174,2.36027027,0.003192274,0.39985045,80.63
25.03610502,6,420,cycle421,0.873873874,2.359459459,0.003194526,0.400132432,80.59
25.20770681,6,421,cycle422,0.873573574,2.358648649,0.003196777,0.400414414,80.56
27.64152489,6,422,cycle423,0.873273273,2.357837838,0.003199028,0.400696396,80.52
25.67244059,6,423,cycle424,0.872972973,2.357027027,0.003201279,0.400978378,80.48
28.76056986,6,424,cycle425,0.872672673,2.356216216,0.003203531,0.40126036,80.44
25.7873315,6,425,cycle426,0.872372372,2.355405405,0.003205782,0.401542342,80.4
28.69818714,6,426,cycle427,0.872072072,2.354594595,0.003208033,0.401824324,80.37
25.3494903,6,427,cycle428,0.871771772,2.353783784,0.003210284,0.402106306,80.33
24.72911722,6,428,cycle429,0.871471471,2.352972973,0.003212536,0.402388288,80.29
24.15415617,6,429,cycle430,0.871171171,2.352162162,0.003214787,0.40267027,80.25
28.29957022,6,430,cycle431,0.870870871,2.351351351,0.003217038,0.402952252,80.22
27.20444731,6,431,cycle432,0.870570571,2.350540541,0.003219289,0.403234234,80.18
25.63099011,6,432,cycle433,0.87027027,2.34972973,0.003221541,0.403516216,80.14
29.89134983,6,433,cycle434,0.86996997,2.348918919,0.003223792,0.403798198,80.1
27.44701675,6,434,cycle435,0.86966967,2.348108108,0.003226043,0.40408018,80.07
26.51806907,6,435,cycle436,0.869369369,2.347297297,0.003228294,0.404362162,80.03
28.44401342,6,436,cycle437,0.869069069,2.346486486,0.003230546,0.404644144,79.99
27.88725752,6,437,cycle438,0.868768769,2.345675676,0.003232797,0.404926126,79.95
24.02889893,6,438,cycle439,0.868468468,2.344864865,0.003235048,0.405208108,79.92
27.20900979,6,439,cycle440,0.868168168,2.344054054,0.003237299,0.40549009,79.88
24.83697781,6,440,cycle441,0.867867868,2.343243243,0.003239551,0.405772072,79.84
28.68342633,6,441,cycle442,0.867567568,2.342432432,0.003241802,0.406054054,79.8
25.90752917,6,442,cycle443,0.867267267,2.341621622,0.003244053,0.406336036,79.77
29.8784147,6,443,cycle444,0.866966967,2.340810811,0.003246304,0.406618018,79.73
24.35127337,6,444,cycle445,0.866666667,2.34,0.003248556,0.4069,79.69
25.69497745,6,445,cycle446,0.866366366,2.339189189,0.003250807,0.407181982,79.66
28.31405894,6,446,cycle447,0.866066066,2.338378378,0.003253058,0.407463964,79.62
28.57923723,6,447,cycle448,0.865765766,2.337567568,0.003255309,0.407745946,79.58
27.52208428,6,448,cycle449,0.865465465,2.336756757,0.003257561,0.408027928,79.54
27.53003301,6,449,cycle450,0.865165165,2.335945946,0.003259812,0.40830991,79.51
29.53237303,6,450,cycle451,0.864864865,2.335135135,0.003262063,0.408591892,79.47
24.16100527,6,451,cycle452,0.864564565,2.334324324,0.003264314,0.408873874,79.43
27.44257057,6,452,cycle453,0.864264264,2.333513514,0.003266566,0.409155856,79.4
29.15845088,6,453,cycle454,0.863963964,2.332702703,0.003268817,0.409437838,79.36
26.40739218,6,454,cycle455,0.863663664,2.331891892,0.003271068,0.40971982,79.32
28.12386381,6,455,cycle456,0.863363363,2.331081081,0.003273319,0.410001802,79.28
29.26065297,6,456,cycle457,0.863063063,2.33027027,0.003275571,0.410283784,79.25
24.71159901,6,457,cycle458,0.862762763,2.329459459,0.003277822,0.410565766,79.21
28.33993982,6,458,cycle459,0.862462462,2.328648649,0.003280073,0.410847748,79.17
28.35356746,6,459,cycle460,0.862162162,2.327837838,0.003282324,0.41112973,79.14
29.33271396,6,460,cycle461,0.861861862,2.327027027,0.003284576,0.411411712,79.1
26.24859797,6,461,cycle462,0.861561562,2.326216216,0.003286827,0.411693694,79.06
24.90996573,6,462,cycle463,0.861261261,2.325405405,0.003289078,0.411975676,79.03
26.61020488,6,463,cycle464,0.860960961,2.324594595,0.003291329,0.412257658,78.99
28.63790498,6,464,cycle465,0.860660661,2.323783784,0.003293581,0.41253964,78.95
24.3280399,6,465,cycle466,0.86036036,2.322972973,0.003295832,0.412821622,78.92
28.62492955,6,466,cycle467,0.86006006,2.322162162,0.003298083,0.413103604,78.88
25.70007429,6,467,cycle468,0.85975976,2.321351351,0.003300334,0.413385586,78.84
25.7489869,6,468,cycle469,0.859459459,2.320540541,0.003302586,0.413667568,78.81
29.74704131,6,469,cycle470,0.859159159,2.31972973,0.003304837,0.41394955,78.77
26.67704425,6,470,cycle471,0.858858859,2.318918919,0.003307088,0.414231532,78.73
25.8402995,6,471,cycle472,0.858558559,2.318108108,0.003309339,0.414513514,78.7
27.09110917,6,472,cycle473,0.858258258,2.317297297,0.003311591,0.414795495,78.66
28.36226182,6,473,cycle474,0.857957958,2.316486486,0.003313842,0.415077477,78.62
27.33902627,6,474,cycle475,0.857657658,2.315675676,0.003316093,0.415359459,78.59
24.36997983,6,475,cycle476,0.857357357,2.314864865,0.003318344,0.415641441,78.55
28.56614685,6,476,cycle477,0.857057057,2.314054054,0.003320596,0.415923423,78.51
27.59311798,6,477,cycle478,0.856756757,2.313243243,0.003322847,0.416205405,78.48
27.54418069,6,478,cycle479,0.856456456,2.312432432,0.003325098,0.416487387,78.44
27.23690644,6,479,cycle480,0.856156156,2.311621622,0.003327349,0.416769369,78.41
26.12129927,6,480,cycle481,0.855855856,2.310810811,0.003329601,0.417051351,78.37
26.12735959,6,481,cycle482,0.855555556,2.31,0.003331852,0.417333333,78.33
25.1664882,6,482,cycle483,0.855255255,2.309189189,0.003334103,0.417615315,78.3
27.34752817,6,483,cycle484,0.854954955,2.308378378,0.003336354,0.417897297,78.26
27.90263335,6,484,cycle485,0.854654655,2.307567568,0.003338606,0.418179279,78.22
25.38475936,6,485,cycle486,0.854354354,2.306756757,0.003340857,0.418461261,78.19
26.65704275,6,486,cycle487,0.854054054,2.305945946,0.003343108,0.418743243,78.15
25.11316476,6,487,cycle488,0.853753754,2.305135135,0.003345359,0.419025225,78.12
24.99065238,6,488,cycle489,0.853453453,2.304324324,0.003347611,0.419307207,78.08
24.25229705,6,489,cycle490,0.853153153,2.303513514,0.003349862,0.419589189,78.04
29.3056583,6,490,cycle491,0.852852853,2.302702703,0.003352113,0.419871171,78.01
29.03193263,6,491,cycle492,0.852552553,2.301891892,0.003354364,0.420153153,77.97
25.13847469,6,492,cycle493,0.852252252,2.301081081,0.003356616,0.420435135,77.94
27.24061753,6,493,cycle494,0.851951952,2.30027027,0.003358867,0.420717117,77.9
28.64547698,6,494,cycle495,0.851651652,2.299459459,0.003361118,0.420999099,77.86
27.54253256,6,495,cycle496,0.851351351,2.298648649,0.003363369,0.421281081,77.83
24.51529623,6,496,cycle497,0.851051051,2.297837838,0.003365621,0.421563063,77.79
25.55986121,6,497,cycle498,0.850750751,2.297027027,0.003367872,0.421845045,77.76
29.12535853,6,498,cycle499,0.85045045,2.296216216,0.003370123,0.422127027,77.72
27.83956566,6,499,cycle500,0.85015015,2.295405405,0.003372374,0.422409009,77.68
25.86150354,6,500,cycle501,0.84984985,2.294594595,0.003374626,0.422690991,77.65
28.36543379,6,501,cycle502,0.84954955,2.293783784,0.003376877,0.422972973,77.61
27.17976888,6,502,cycle503,0.849249249,2.292972973,0.003379128,0.423254955,77.58
29.96815882,6,503,cycle504,0.848948949,2.292162162,0.003381379,0.423536937,77.54
24.63296429,6,504,cycle505,0.848648649,2.291351351,0.003383631,0.423818919,77.51
27.19535826,6,505,cycle506,0.848348348,2.290540541,0.003385882,0.424100901,77.47
27.20422428,6,506,cycle507,0.848048048,2.28972973,0.003388133,0.424382883,77.43
26.35477953,6,507,cycle508,0.847747748,2.288918919,0.003390384,0.424664865,77.4
27.77904398,6,508,cycle509,0.847447447,2.288108108,0.003392636,0.424946847,77.36
24.1241642,6,509,cycle510,0.847147147,2.287297297,0.003394887,0.425228829,77.33
26.06590769,6,510,cycle511,0.846846847,2.286486486,0.003397138,0.425510811,77.29
29.7565339,6,511,cycle512,0.846546547,2.285675676,0.003399389,0.425792793,77.26
29.75667822,6,512,cycle513,0.846246246,2.284864865,0.003401641,0.426074775,77.22
29.99987973,6,513,cycle514,0.845945946,2.284054054,0.003403892,0.426356757,77.19
27.28284677,6,514,cycle515,0.845645646,2.283243243,0.003406143,0.426638739,77.15
27.0314681,6,515,cycle516,0.845345345,2.282432432,0.003408394,0.426920721,77.11
28.17237162,6,516,cycle517,0.845045045,2.281621622,0.003410646,0.427202703,77.08
27.9632327,6,517,cycle518,0.844744745,2.280810811,0.003412897,0.427484685,77.04
26.27798657,6,518,cycle519,0.844444444,2.28,0.003415148,0.427766667,77.01
28.69412939,6,519,cycle520,0.844144144,2.279189189,0.003417399,0.428048649,76.97
26.09198766,6,520,cycle521,0.843843844,2.278378378,0.003419651,0.428330631,76.94
25.96589324,6,521,cycle522,0.843543544,2.277567568,0.003421902,0.428612613,76.9
28.0659877,6,522,cycle523,0.843243243,2.276756757,0.003424153,0.428894595,76.87
25.08062781,6,523,cycle524,0.842942943,2.275945946,0.003426404,0.429176577,76.83
29.77012592,6,524,cycle525,0.842642643,2.275135135,0.003428656,0.429458559,76.8
29.27228224,6,525,cycle526,0.842342342,2.274324324,0.003430907,0.429740541,76.76
29.88425597,6,526,cycle527,0.842042042,2.273513514,0.003433158,0.430022523,76.73
24.87540139,6,527,cycle528,0.841741742,2.272702703,0.003435409,0.430304505,76.69
26.31877663,6,528,cycle529,0.841441441,2.271891892,0.003437661,0.430586486,76.66
27.93952508,6,529,cycle530,0.841141141,2.271081081,0.003439912,0.430868468,76.62
24.25030714,6,530,cycle531,0.840840841,2.27027027,0.003442163,0.43115045,76.59
27.9000888,6,531,cycle532,0.840540541,2.269459459,0.003444414,0.431432432,76.55
25.9919742,6,532,cycle533,0.84024024,2.268648649,0.003446666,0.431714414,76.52
25.99180773,6,533,cycle534,0.83993994,2.267837838,0.003448917,0.431996396,76.48
27.16850891,6,534,cycle535,0.83963964,2.267027027,0.003451168,0.432278378,76.44
25.42328137,6,535,cycle536,0.839339339,2.266216216,0.003453419,0.43256036,76.41
26.46193949,6,536,cycle537,0.839039039,2.265405405,0.003455671,0.432842342,76.37
25.85355282,6,537,cycle538,0.838738739,2.264594595,0.003457922,0.433124324,76.34
26.55422514,6,538,cycle539,0.838438438,2.263783784,0.003460173,0.433406306,76.31
26.41227751,6,539,cycle540,0.838138138,2.262972973,0.003462424,0.433688288,76.27
28.05906809,6,540,cycle541,0.837837838,2.262162162,0.003464676,0.43397027,76.24
27.7465332,6,541,cycle542,0.837537538,2.261351351,0.003466927,0.434252252,76.2
29.82263062,6,542,cycle543,0.837237237,2.260540541,0.003469178,0.434534234,76.17
25.41518325,6,543,cycle544,0.836936937,2.25972973,0.003471429,0.434816216,76.13
24.03820828,6,544,cycle545,0.836636637,2.258918919,0.003473681,0.435098198,76.1
28.76675855,6,545,cycle546,0.836336336,2.258108108,0.003475932,0.43538018,76.06
29.43717249,6,546,cycle547,0.836036036,2.257297297,0.003478183,0.435662162,76.03
28.83215085,6,547,cycle548,0.835735736,2.256486486,0.003480434,0.435944144,75.99
29.64201238,6,548,cycle549,0.835435435,2.255675676,0.003482686,0.436226126,75.96
29.30692538,6,549,cycle550,0.835135135,2.254864865,0.003484937,0.436508108,75.92
29.58389825,6,550,cycle551,0.834834835,2.254054054,0.003487188,0.43679009,75.89
27.27711365,6,551,cycle552,0.834534535,2.253243243,0.003489439,0.437072072,75.85
25.72966901,6,552,cycle553,0.834234234,2.252432432,0.003491691,0.437354054,75.82
24.12830736,6,553,cycle554,0.833933934,2.251621622,0.003493942,0.437636036,75.78
27.13185902,6,554,cycle555,0.833633634,2.250810811,0.003496193,0.437918018,75.75
24.87773884,6,555,cycle556,0.833333333,2.25,0.003498444,0.4382,75.71
26.40696975,6,556,cycle557,0.833033033,2.249189189,0.003500696,0.438481982,75.68
28.55768428,6,557,cycle558,0.832732733,2.248378378,0.003502947,0.438763964,75.65
26.08422129,6,558,cycle559,0.832432432,2.247567568,0.003505198,0.439045946,75.61
27.82765029,6,559,cycle560,0.832132132,2.246756757,0.003507449,0.439327928,75.58
28.53148069,6,560,cycle561,0.831831832,2.245945946,0.003509701,0.43960991,75.54
29.32609324,6,561,cycle562,0.831531532,2.245135135,0.003511952,0.439891892,75.51
25.95629922,6,562,cycle563,0.831231231,2.244324324,0.003514203,0.440173874,75.47
27.05816899,6,563,cycle564,0.830930931,2.243513514,0.003516454,0.440455856,75.44
29.69794133,6,564,cycle565,0.830630631,2.242702703,0.003518706,0.440737838,75.4
25.30688786,6,565,cycle566,0.83033033,2.241891892,0.003520957,0.44101982,75.37
27.7151233,6,566,cycle567,0.83003003,2.241081081,0.003523208,0.441301802,75.34
27.08616826,6,567,cycle568,0.82972973,2.24027027,0.003525459,0.441583784,75.3
26.73835632,6,568,cycle569,0.829429429,2.239459459,0.003527711,0.441865766,75.27
24.09276642,6,569,cycle570,0.829129129,2.238648649,0.003529962,0.442147748,75.23
26.26453264,6,570,cycle571,0.828828829,2.237837838,0.003532213,0.44242973,75.2
27.68141013,6,571,cycle572,0.828528529,2.237027027,0.003534464,0.442711712,75.16
28.32073845,6,572,cycle573,0.828228228,2.236216216,0.003536716,0.442993694,75.13
29.39281009,6,573,cycle574,0.827927928,2.235405405,0.003538967,0.443275676,75.1
29.1302663,6,574,cycle575,0.827627628,2.234594595,0.003541218,0.443557658,75.06
25.72362947,6,575,cycle576,0.827327327,2.233783784,0.003543469,0.44383964,75.03
27.01114231,6,576,cycle577,0.827027027,2.232972973,0.003545721,0.444121622,74.99
29.30876382,6,577,cycle578,0.826726727,2.232162162,0.003547972,0.444403604,74.96
28.20316958,6,578,cycle579,0.826426426,2.231351351,0.003550223,0.444685586,74.92
28.07337145,6,579,cycle580,0.826126126,2.230540541,0.003552474,0.444967568,74.89
26.11937253,6,580,cycle581,0.825825826,2.22972973,0.003554726,0.44524955,74.86
28.65849102,6,581,cycle582,0.825525526,2.228918919,0.003556977,0.445531532,74.82
27.06686501,6,582,cycle583,0.825225225,2.228108108,0.003559228,0.445813514,74.79
24.20633552,6,583,cycle584,0.824924925,2.227297297,0.003561479,0.446095495,74.75
25.94657521,6,584,cycle585,0.824624625,2.226486486,0.003563731,0.446377477,74.72
25.05316357,6,585,cycle586,0.824324324,2.225675676,0.003565982,0.446659459,74.69
29.22632255,6,586,cycle587,0.824024024,2.224864865,0.003568233,0.446941441,74.65
29.41751312,6,587,cycle588,0.823723724,2.224054054,0.003570484,0.447223423,74.62
28.42117756,6,588,cycle589,0.823423423,2.223243243,0.003572736,0.447505405,74.58
27.16610873,6,589,cycle590,0.823123123,2.222432432,0.003574987,0.447787387,74.55
29.46809784,6,590,cycle591,0.822822823,2.221621622,0.003577238,0.448069369,74.52
27.6337021,6,591,cycle592,0.822522523,2.220810811,0.003579489,0.448351351,74.48
28.52491978,6,592,cycle593,0.822222222,2.22,0.003581741,0.448633333,74.45
24.0579935,6,593,cycle594,0.821921922,2.219189189,0.003583992,0.448915315,74.42
25.96141685,6,594,cycle595,0.821621622,2.218378378,0.003586243,0.449197297,74.38
25.3086348,6,595,cycle596,0.821321321,2.217567568,0.003588494,0.449479279,74.35
29.02669009,6,596,cycle597,0.821021021,2.216756757,0.003590746,0.449761261,74.31
27.00529089,6,597,cycle598,0.820720721,2.215945946,0.003592997,0.450043243,74.28
29.53045629,6,598,cycle599,0.82042042,2.215135135,0.003595248,0.450325225,74.25
25.69686065,6,599,cycle600,0.82012012,2.214324324,0.003597499,0.450607207,74.21
29.6245426,6,600,cycle601,0.81981982,2.213513514,0.003599751,0.450889189,74.18
28.47242395,6,601,cycle602,0.81951952,2.212702703,0.003602002,0.451171171,74.15
24.13952208,6,602,cycle603,0.819219219,2.211891892,0.003604253,0.451453153,74.11
25.46398028,6,603,cycle604,0.818918919,2.211081081,0.003606505,0.451735135,74.08
29.95453352,6,604,cycle605,0.818618619,2.21027027,0.003608756,0.452017117,74.05
28.26711398,6,605,cycle606,0.818318318,2.209459459,0.003611007,0.452299099,74.01
25.58736694,6,606,cycle607,0.818018018,2.208648649,0.003613258,0.452581081,73.98
25.60267196,6,607,cycle608,0.817717718,2.207837838,0.00361551,0.452863063,73.94
25.55067317,6,608,cycle609,0.817417417,2.207027027,0.003617761,0.453145045,73.91
25.95793603,6,609,cycle610,0.817117117,2.206216216,0.003620012,0.453427027,73.88
24.72340154,6,610,cycle611,0.816816817,2.205405405,0.003622263,0.453709009,73.84
24.64964622,6,611,cycle612,0.816516517,2.204594595,0.003624515,0.453990991,73.81
26.45707985,6,612,cycle613,0.816216216,2.203783784,0.003626766,0.454272973,73.78
29.67778303,6,613,cycle614,0.815915916,2.202972973,0.003629017,0.454554955,73.74
24.92250045,6,614,cycle615,0.815615616,2.202162162,0.003631268,0.454836937,73.71
28.05362691,6,615,cycle616,0.815315315,2.201351351,0.00363352,0.455118919,73.68
26.90775388,6,616,cycle617,0.815015015,2.200540541,0.003635771,0.455400901,73.64
29.33008981,6,617,cycle618,0.814714715,2.19972973,0.003638022,0.455682883,73.61
24.96405543,6,618,cycle619,0.814414414,2.198918919,0.003640273,0.455964865,73.58
28.03409763,6,619,cycle620,0.814114114,2.198108108,0.003642525,0.456246847,73.54
27.89922258,6,620,cycle621,0.813813814,2.197297297,0.003644776,0.456528829,73.51
25.75389721,6,621,cycle622,0.813513514,2.196486486,0.003647027,0.456810811,73.48
29.40690354,6,622,cycle623,0.813213213,2.195675676,0.003649278,0.457092793,73.44
27.61459828,6,623,cycle624,0.812912913,2.194864865,0.00365153,0.457374775,73.41
25.22987957,6,624,cycle625,0.812612613,2.194054054,0.003653781,0.457656757,73.38
27.6817145,6,625,cycle626,0.812312312,2.193243243,0.003656032,0.457938739,73.34
27.82824922,6,626,cycle627,0.812012012,2.192432432,0.003658283,0.458220721,73.31
27.4296558,6,627,cycle628,0.811711712,2.191621622,0.003660535,0.458502703,73.28
26.25162724,6,628,cycle629,0.811411411,2.190810811,0.003662786,0.458784685,73.25
29.26746724,6,629,cycle630,0.811111111,2.19,0.003665037,0.459066667,73.21
29.07551939,6,630,cycle631,0.810810811,2.189189189,0.003667288,0.459348649,73.18
28.45884578,6,631,cycle632,0.810510511,2.188378378,0.00366954,0.459630631,73.15
24.0566162,6,632,cycle633,0.81021021,2.187567568,0.003671791,0.459912613,73.11
28.72575601,6,633,cycle634,0.80990991,2.186756757,0.003674042,0.460194595,73.08
28.33156359,6,634,cycle635,0.80960961,2.185945946,0.003676293,0.460476577,73.05
26.8768324,6,635,cycle636,0.809309309,2.185135135,0.003678545,0.460758559,73.01
26.2231216,6,636,cycle637,0.809009009,2.184324324,0.003680796,0.461040541,72.98
26.80663254,6,637,cycle638,0.808708709,2.183513514,0.003683047,0.461322523,72.95
25.99244236,6,638,cycle639,0.808408408,2.182702703,0.003685298,0.461604505,72.92
26.77941769,6,639,cycle640,0.808108108,2.181891892,0.00368755,0.461886486,72.88
24.02977356,6,640,cycle641,0.807807808,2.181081081,0.003689801,0.462168468,72.85
24.16489858,6,641,cycle642,0.807507508,2.18027027,0.003692052,0.46245045,72.82
26.89336382,6,642,cycle643,0.807207207,2.179459459,0.003694303,0.462732432,72.78
29.90985442,6,643,cycle644,0.806906907,2.178648649,0.003696555,0.463014414,72.75
25.30892973,6,644,cycle645,0.806606607,2.177837838,0.003698806,0.463296396,72.72
25.47224798,6,645,cycle646,0.806306306,2.177027027,0.003701057,0.463578378,72.68
26.90485364,6,646,cycle647,0.806006006,2.176216216,0.003703308,0.46386036,72.65
24.73370366,6,647,cycle648,0.805705706,2.175405405,0.00370556,0.464142342,72.62
27.46959808,6,648,cycle649,0.805405405,2.174594595,0.003707811,0.464424324,72.59
26.91894251,6,649,cycle650,0.805105105,2.173783784,0.003710062,0.464706306,72.55
26.41780773,6,650,cycle651,0.804804805,2.172972973,0.003712313,0.464988288,72.52
24.93324791,6,651,cycle652,0.804504505,2.172162162,0.003714565,0.46527027,72.49
28.96436992,6,652,cycle653,0.804204204,2.171351351,0.003716816,0.465552252,72.46
24.77807983,6,653,cycle654,0.803903904,2.170540541,0.003719067,0.465834234,72.42
26.11354412,6,654,cycle655,0.803603604,2.16972973,0.003721318,0.466116216,72.39
26.29572222,6,655,cycle656,0.803303303,2.168918919,0.00372357,0.466398198,72.36
25.63510502,6,656,cycle657,0.803003003,2.168108108,0.003725821,0.46668018,72.33
25.84083769,6,657,cycle658,0.802702703,2.167297297,0.003728072,0.466962162,72.29
25.58975325,6,658,cycle659,0.802402402,2.166486486,0.003730323,0.467244144,72.26
25.22671976,6,659,cycle660,0.802102102,2.165675676,0.003732575,0.467526126,72.23
29.76153839,6,660,cycle661,0.801801802,2.164864865,0.003734826,0.467808108,72.19
27.65867417,6,661,cycle662,0.801501502,2.164054054,0.003737077,0.46809009,72.16
29.29888077,6,662,cycle663,0.801201201,2.163243243,0.003739328,0.468372072,72.13
27.94116805,6,663,cycle664,0.800900901,2.162432432,0.00374158,0.468654054,72.1
24.89707303,6,664,cycle665,0.800600601,2.161621622,0.003743831,0.468936036,72.06
24.40945714,6,665,cycle666,0.8003003,2.160810811,0.003746082,0.469218018,72.03
28.52584458,6,666,cycle667,0.8,2.16,0.003748333,0.4695,72
24.63719806,6,667,cycle668,0.7996997,2.159189189,0.003750585,0.469781982,71.97
26.11320158,6,668,cycle669,0.799399399,2.158378378,0.003752836,0.470063964,71.94
24.98918279,6,669,cycle670,0.799099099,2.157567568,0.003755087,0.470345946,71.9
24.49666443,6,670,cycle671,0.798798799,2.156756757,0.003757338,0.470627928,71.87
25.1014629,6,671,cycle672,0.798498498,2.155945946,0.00375959,0.47090991,71.84
28.82781371,6,672,cycle673,0.798198198,2.155135135,0.003761841,0.471191892,71.81
28.71083871,6,673,cycle674,0.797897898,2.154324324,0.003764092,0.471473874,71.77
28.05754858,6,674,cycle675,0.797597598,2.153513514,0.003766343,0.471755856,71.74
27.45876932,6,675,cycle676,0.797297297,2.152702703,0.003768595,0.472037838,71.71
25.1628582,6,676,cycle677,0.796996997,2.151891892,0.003770846,0.47231982,71.68
24.80802561,6,677,cycle678,0.796696697,2.151081081,0.003773097,0.472601802,71.64
27.73166687,6,678,cycle679,0.796396396,2.15027027,0.003775348,0.472883784,71.61
28.03074273,6,679,cycle680,0.796096096,2.149459459,0.0037776,0.473165766,71.58
24.90960643,6,680,cycle681,0.795795796,2.148648649,0.003779851,0.473447748,71.55
26.39229584,6,681,cycle682,0.795495495,2.147837838,0.003782102,0.47372973,71.52
24.52519746,6,682,cycle683,0.795195195,2.147027027,0.003784353,0.474011712,71.48
27.86090207,6,683,cycle684,0.794894895,2.146216216,0.003786605,0.474293694,71.45
28.98806557,6,684,cycle685,0.794594595,2.145405405,0.003788856,0.474575676,71.42
26.56091419,6,685,cycle686,0.794294294,2.144594595,0.003791107,0.474857658,71.39
26.00346726,6,686,cycle687,0.793993994,2.143783784,0.003793358,0.47513964,71.35
25.59957315,6,687,cycle688,0.793693694,2.142972973,0.00379561,0.475421622,71.32
24.67495428,6,688,cycle689,0.793393393,2.142162162,0.003797861,0.475703604,71.29
27.06743156,6,689,cycle690,0.793093093,2.141351351,0.003800112,0.475985586,71.26
24.74657384,6,690,cycle691,0.792792793,2.140540541,0.003802363,0.476267568,71.23
26.39206425,6,691,cycle692,0.792492492,2.13972973,0.003804615,0.47654955,71.19
27.66418315,6,692,cycle693,0.792192192,2.138918919,0.003806866,0.476831532,71.16
25.58901577,6,693,cycle694,0.791891892,2.138108108,0.003809117,0.477113514,71.13
25.59714878,6,694,cycle695,0.791591592,2.137297297,0.003811368,0.477395495,71.1
25.9154588,6,695,cycle696,0.791291291,2.136486486,0.00381362,0.477677477,71.07
29.28376101,6,696,cycle697,0.790990991,2.135675676,0.003815871,0.477959459,71.03
24.13201528,6,697,cycle698,0.790690691,2.134864865,0.003818122,0.478241441,71
24.11776258,6,698,cycle699,0.79039039,2.134054054,0.003820373,0.478523423,70.97
24.782981,6,699,cycle700,0.79009009,2.133243243,0.003822625,0.478805405,70.94
25.43189618,6,700,cycle701,0.78978979,2.132432432,0.003824876,0.479087387,70.91
27.22339928,6,701,cycle702,0.789489489,2.131621622,0.003827127,0.479369369,70.88
28.03491714,6,702,cycle703,0.789189189,2.130810811,0.003829378,0.479651351,70.84
29.81244616,6,703,cycle704,0.788888889,2.13,0.00383163,0.479933333,70.81
24.57807671,6,704,cycle705,0.788588589,2.129189189,0.003833881,0.480215315,70.78
29.14807136,6,705,cycle706,0.788288288,2.128378378,0.003836132,0.480497297,70.75
25.50172399,6,706,cycle707,0.787987988,2.127567568,0.003838383,0.480779279,70.72
24.68485107,6,707,cycle708,0.787687688,2.126756757,0.003840635,0.481061261,70.68
28.4120743,6,708,cycle709,0.787387387,2.125945946,0.003842886,0.481343243,70.65
29.71310629,6,709,cycle710,0.787087087,2.125135135,0.003845137,0.481625225,70.62
25.51560233,6,710,cycle711,0.786786787,2.124324324,0.003847388,0.481907207,70.59
26.68360868,6,711,cycle712,0.786486486,2.123513514,0.00384964,0.482189189,70.56
26.28209807,6,712,cycle713,0.786186186,2.122702703,0.003851891,0.482471171,70.53
29.37874419,6,713,cycle714,0.785885886,2.121891892,0.003854142,0.482753153,70.49
25.16677611,6,714,cycle715,0.785585586,2.121081081,0.003856393,0.483035135,70.46
27.22807581,6,715,cycle716,0.785285285,2.12027027,0.003858645,0.483317117,70.43
25.87684113,6,716,cycle717,0.784984985,2.119459459,0.003860896,0.483599099,70.4
26.63172522,6,717,cycle718,0.784684685,2.118648649,0.003863147,0.483881081,70.37
24.99240684,6,718,cycle719,0.784384384,2.117837838,0.003865398,0.484163063,70.34
24.26001997,6,719,cycle720,0.784084084,2.117027027,0.00386765,0.484445045,70.3
27.03480652,6,720,cycle721,0.783783784,2.116216216,0.003869901,0.484727027,70.27
25.9052667,6,721,cycle722,0.783483483,2.115405405,0.003872152,0.485009009,70.24
29.65455236,6,722,cycle723,0.783183183,2.114594595,0.003874403,0.485290991,70.21
24.26234656,6,723,cycle724,0.782882883,2.113783784,0.003876655,0.485572973,70.18
26.38174242,6,724,cycle725,0.782582583,2.112972973,0.003878906,0.485854955,70.15
28.43759977,6,725,cycle726,0.782282282,2.112162162,0.003881157,0.486136937,70.12
24.11792004,6,726,cycle727,0.781981982,2.111351351,0.003883408,0.486418919,70.08
25.97140081,6,727,cycle728,0.781681682,2.110540541,0.00388566,0.486700901,70.05
28.50946674,6,728,cycle729,0.781381381,2.10972973,0.003887911,0.486982883,70.02
28.48358325,6,729,cycle730,0.781081081,2.108918919,0.003890162,0.487264865,69.99
24.86286739,6,730,cycle731,0.780780781,2.108108108,0.003892413,0.487546847,69.96
24.06976292,6,731,cycle732,0.78048048,2.107297297,0.003894665,0.487828829,69.93
24.5862224,6,732,cycle733,0.78018018,2.106486486,0.003896916,0.488110811,69.9
29.24326344,6,733,cycle734,0.77987988,2.105675676,0.003899167,0.488392793,69.86
25.5511672,6,734,cycle735,0.77957958,2.104864865,0.003901418,0.488674775,69.83
26.29892089,6,735,cycle736,0.779279279,2.104054054,0.00390367,0.488956757,69.8
24.56516956,6,736,cycle737,0.778978979,2.103243243,0.003905921,0.489238739,69.77
27.85347924,6,737,cycle738,0.778678679,2.102432432,0.003908172,0.489520721,69.74
27.40177257,6,738,cycle739,0.778378378,2.101621622,0.003910423,0.489802703,69.71
28.02391168,6,739,cycle740,0.778078078,2.100810811,0.003912675,0.490084685,69.68
28.50769888,6,740,cycle741,0.777777778,2.1,0.003914926,0.490366667,69.65
27.82171793,6,741,cycle742,0.777477477,2.099189189,0.003917177,0.490648649,69.61
28.42063421,6,742,cycle743,0.777177177,2.098378378,0.003919428,0.490930631,69.58
28.42569408,6,743,cycle744,0.776876877,2.097567568,0.00392168,0.491212613,69.55
26.88972583,6,744,cycle745,0.776576577,2.096756757,0.003923931,0.491494595,69.52
27.83581901,6,745,cycle746,0.776276276,2.095945946,0.003926182,0.491776577,69.49
25.45891797,6,746,cycle747,0.775975976,2.095135135,0.003928433,0.492058559,69.46
28.71980204,6,747,cycle748,0.775675676,2.094324324,0.003930685,0.492340541,69.43
28.91961558,6,748,cycle749,0.775375375,2.093513514,0.003932936,0.492622523,69.4
29.53788635,6,749,cycle750,0.775075075,2.092702703,0.003935187,0.492904505,69.36
26.43886678,6,750,cycle751,0.774774775,2.091891892,0.003937438,0.493186486,69.33
26.87798439,6,751,cycle752,0.774474474,2.091081081,0.00393969,0.493468468,69.3
28.63473693,6,752,cycle753,0.774174174,2.09027027,0.003941941,0.49375045,69.27
24.83830161,6,753,cycle754,0.773873874,2.089459459,0.003944192,0.494032432,69.24
28.21569587,6,754,cycle755,0.773573574,2.088648649,0.003946443,0.494314414,69.21
25.44456844,6,755,cycle756,0.773273273,2.087837838,0.003948695,0.494596396,69.18
29.4559171,6,756,cycle757,0.772972973,2.087027027,0.003950946,0.494878378,69.15
28.52626183,6,757,cycle758,0.772672673,2.086216216,0.003953197,0.49516036,69.12
27.03880446,6,758,cycle759,0.772372372,2.085405405,0.003955448,0.495442342,69.09
26.9489708,6,759,cycle760,0.772072072,2.084594595,0.0039577,0.495724324,69.05
28.37011757,6,760,cycle761,0.771771772,2.083783784,0.003959951,0.496006306,69.02
24.91082459,6,761,cycle762,0.771471471,2.082972973,0.003962202,0.496288288,68.99
25.88826026,6,762,cycle763,0.771171171,2.082162162,0.003964453,0.49657027,68.96
25.38572123,6,763,cycle764,0.770870871,2.081351351,0.003966705,0.496852252,68.93
24.74541403,6,764,cycle765,0.770570571,2.080540541,0.003968956,0.497134234,68.9
25.856827,6,765,cycle766,0.77027027,2.07972973,0.003971207,0.497416216,68.87
25.08386516,6,766,cycle767,0.76996997,2.078918919,0.003973458,0.497698198,68.84
28.18783263,6,767,cycle768,0.76966967,2.078108108,0.00397571,0.49798018,68.81
28.18031155,6,768,cycle769,0.769369369,2.077297297,0.003977961,0.498262162,68.78
24.674554,6,769,cycle770,0.769069069,2.076486486,0.003980212,0.498544144,68.75
25.75927004,6,770,cycle771,0.768768769,2.075675676,0.003982463,0.498826126,68.72
27.15086322,6,771,cycle772,0.768468468,2.074864865,0.003984715,0.499108108,68.68
24.52428549,6,772,cycle773,0.768168168,2.074054054,0.003986966,0.49939009,68.65
27.85713987,6,773,cycle774,0.767867868,2.073243243,0.003989217,0.499672072,68.62
28.04263523,6,774,cycle775,0.767567568,2.072432432,0.003991468,0.499954054,68.59
25.1515585,6,775,cycle776,0.767267267,2.071621622,0.00399372,0.500236036,68.56
28.42986194,6,776,cycle777,0.766966967,2.070810811,0.003995971,0.500518018,68.53
28.96945818,6,777,cycle778,0.766666667,2.07,0.003998222,0.5008,68.5
26.05322387,6,778,cycle779,0.766366366,2.069189189,0.004000473,0.501081982,68.47
26.7073901,6,779,cycle780,0.766066066,2.068378378,0.004002725,0.501363964,68.44
25.3193566,6,780,cycle781,0.765765766,2.067567568,0.004004976,0.501645946,68.41
26.87682506,6,781,cycle782,0.765465465,2.066756757,0.004007227,0.501927928,68.38
29.39606389,6,782,cycle783,0.765165165,2.065945946,0.004009478,0.50220991,68.35
26.75212232,6,783,cycle784,0.764864865,2.065135135,0.00401173,0.502491892,68.32
24.07113366,6,784,cycle785,0.764564565,2.064324324,0.004013981,0.502773874,68.29
28.0561626,6,785,cycle786,0.764264264,2.063513514,0.004016232,0.503055856,68.25
25.32209958,6,786,cycle787,0.763963964,2.062702703,0.004018483,0.503337838,68.22
25.7959874,6,787,cycle788,0.763663664,2.061891892,0.004020735,0.50361982,68.19
24.78512102,6,788,cycle789,0.763363363,2.061081081,0.004022986,0.503901802,68.16
29.63831838,6,789,cycle790,0.763063063,2.06027027,0.004025237,0.504183784,68.13
29.18455892,6,790,cycle791,0.762762763,2.059459459,0.004027488,0.504465766,68.1
25.83752688,6,791,cycle792,0.762462462,2.058648649,0.00402974,0.504747748,68.07
28.95393599,6,792,cycle793,0.762162162,2.057837838,0.004031991,0.50502973,68.04
24.03400405,6,793,cycle794,0.761861862,2.057027027,0.004034242,0.505311712,68.01
25.83873553,6,794,cycle795,0.761561562,2.056216216,0.004036493,0.505593694,67.98
25.62077481,6,795,cycle796,0.761261261,2.055405405,0.004038745,0.505875676,67.95
28.49611481,6,796,cycle797,0.760960961,2.054594595,0.004040996,0.506157658,67.92
28.93288773,6,797,cycle798,0.760660661,2.053783784,0.004043247,0.50643964,67.89
25.60908379,6,798,cycle799,0.76036036,2.052972973,0.004045498,0.506721622,67.86
25.15699486,6,799,cycle800,0.76006006,2.052162162,0.00404775,0.507003604,67.83
28.42407601,6,800,cycle801,0.75975976,2.051351351,0.004050001,0.507285586,67.8
28.26540477,6,801,cycle802,0.759459459,2.050540541,0.004052252,0.507567568,67.77
26.75323091,6,802,cycle803,0.759159159,2.04972973,0.004054504,0.50784955,67.74
25.73433523,6,803,cycle804,0.758858859,2.048918919,0.004056755,0.508131532,67.71
29.95654966,6,804,cycle805,0.758558559,2.048108108,0.004059006,0.508413514,67.68
29.29087514,6,805,cycle806,0.758258258,2.047297297,0.004061257,0.508695495,67.65
25.69229089,6,806,cycle807,0.757957958,2.046486486,0.004063509,0.508977477,67.62
25.01388266,6,807,cycle808,0.757657658,2.045675676,0.00406576,0.509259459,67.59
26.54585913,6,808,cycle809,0.757357357,2.044864865,0.004068011,0.509541441,67.56
28.46562575,6,809,cycle810,0.757057057,2.044054054,0.004070262,0.509823423,67.53
28.92126151,6,810,cycle811,0.756756757,2.043243243,0.004072514,0.510105405,67.49
27.629703,6,811,cycle812,0.756456456,2.042432432,0.004074765,0.510387387,67.46
24.51510686,6,812,cycle813,0.756156156,2.041621622,0.004077016,0.510669369,67.43
27.03645941,6,813,cycle814,0.755855856,2.040810811,0.004079267,0.510951351,67.4
25.89590453,6,814,cycle815,0.755555556,2.04,0.004081519,0.511233333,67.37
29.78822571,6,815,cycle816,0.755255255,2.039189189,0.00408377,0.511515315,67.34
27.38889714,6,816,cycle817,0.754954955,2.038378378,0.004086021,0.511797297,67.31
29.0401319,6,817,cycle818,0.754654655,2.037567568,0.004088272,0.512079279,67.28
26.64626748,6,818,cycle819,0.754354354,2.036756757,0.004090524,0.512361261,67.25
27.99098444,6,819,cycle820,0.754054054,2.035945946,0.004092775,0.512643243,67.22
25.98777281,6,820,cycle821,0.753753754,2.035135135,0.004095026,0.512925225,67.19
24.49875856,6,821,cycle822,0.753453453,2.034324324,0.004097277,0.513207207,67.16
27.67490936,6,822,cycle823,0.753153153,2.033513514,0.004099529,0.513489189,67.13
25.63697471,6,823,cycle824,0.752852853,2.032702703,0.00410178,0.513771171,67.1
28.06325375,6,824,cycle825,0.752552553,2.031891892,0.004104031,0.514053153,67.07
28.44553694,6,825,cycle826,0.752252252,2.031081081,0.004106282,0.514335135,67.04
26.81740717,6,826,cycle827,0.751951952,2.03027027,0.004108534,0.514617117,67.01
25.53327911,6,827,cycle828,0.751651652,2.029459459,0.004110785,0.514899099,66.98
27.5385733,6,828,cycle829,0.751351351,2.028648649,0.004113036,0.515181081,66.95
29.48292835,6,829,cycle830,0.751051051,2.027837838,0.004115287,0.515463063,66.92
29.34009461,6,830,cycle831,0.750750751,2.027027027,0.004117539,0.515745045,66.89
28.58424077,6,831,cycle832,0.75045045,2.026216216,0.00411979,0.516027027,66.86
29.21436742,6,832,cycle833,0.75015015,2.025405405,0.004122041,0.516309009,66.83
29.47932124,6,833,cycle834,0.74984985,2.024594595,0.004124292,0.516590991,66.8
29.17417824,6,834,cycle835,0.74954955,2.023783784,0.004126544,0.516872973,66.77
26.32841578,6,835,cycle836,0.749249249,2.022972973,0.004128795,0.517154955,66.74
29.29973173,6,836,cycle837,0.748948949,2.022162162,0.004131046,0.517436937,66.71
24.3706903,6,837,cycle838,0.748648649,2.021351351,0.004133297,0.517718919,66.68
28.01739938,6,838,cycle839,0.748348348,2.020540541,0.004135549,0.518000901,66.65
25.49910273,6,839,cycle840,0.748048048,2.01972973,0.0041378,0.518282883,66.62
25.18080472,6,840,cycle841,0.747747748,2.018918919,0.004140051,0.518564865,66.59
27.01919682,6,841,cycle842,0.747447447,2.018108108,0.004142302,0.518846847,66.56
26.30644598,6,842,cycle843,0.747147147,2.017297297,0.004144554,0.519128829,66.53
28.82772756,6,843,cycle844,0.746846847,2.016486486,0.004146805,0.519410811,66.5
29.58018356,6,844,cycle845,0.746546547,2.015675676,0.004149056,0.519692793,66.47
27.68719782,6,845,cycle846,0.746246246,2.014864865,0.004151307,0.519974775,66.45
25.01807001,6,846,cycle847,0.745945946,2.014054054,0.004153559,0.520256757,66.42
25.69154546,6,847,cycle848,0.745645646,2.013243243,0.00415581,0.520538739,66.39
25.50959546,6,848,cycle849,0.745345345,2.012432432,0.004158061,0.520820721,66.36
24.07072267,6,849,cycle850,0.745045045,2.011621622,0.004160312,0.521102703,66.33
26.63084486,6,850,cycle851,0.744744745,2.010810811,0.004162564,0.521384685,66.3
25.5869536,6,851,cycle852,0.744444444,2.01,0.004164815,0.521666667,66.27
24.60266009,6,852,cycle853,0.744144144,2.009189189,0.004167066,0.521948649,66.24
28.87188174,6,853,cycle854,0.743843844,2.008378378,0.004169317,0.522230631,66.21
26.30139314,6,854,cycle855,0.743543544,2.007567568,0.004171569,0.522512613,66.18
25.94930863,6,855,cycle856,0.743243243,2.006756757,0.00417382,0.522794595,66.15
26.0890283,6,856,cycle857,0.742942943,2.005945946,0.004176071,0.523076577,66.12
27.834273,6,857,cycle858,0.742642643,2.005135135,0.004178322,0.523358559,66.09
24.48054744,6,858,cycle859,0.742342342,2.004324324,0.004180574,0.523640541,66.06
28.56201113,6,859,cycle860,0.742042042,2.003513514,0.004182825,0.523922523,66.03
29.22684462,6,860,cycle861,0.741741742,2.002702703,0.004185076,0.524204505,66
25.52312859,6,861,cycle862,0.741441441,2.001891892,0.004187327,0.524486486,65.97
29.18305973,6,862,cycle863,0.741141141,2.001081081,0.004189579,0.524768468,65.94
27.48695433,6,863,cycle864,0.740840841,2.00027027,0.00419183,0.52505045,65.91
26.34388266,6,864,cycle865,0.740540541,1.999459459,0.004194081,0.525332432,65.88
28.92244683,6,865,cycle866,0.74024024,1.998648649,0.004196332,0.525614414,65.85
27.02306988,6,866,cycle867,0.73993994,1.997837838,0.004198584,0.525896396,65.82
27.94735334,6,867,cycle868,0.73963964,1.997027027,0.004200835,0.526178378,65.79
29.17452542,6,868,cycle869,0.739339339,1.996216216,0.004203086,0.52646036,65.76
27.89305699,6,869,cycle870,0.739039039,1.995405405,0.004205337,0.526742342,65.73
28.6845689,6,870,cycle871,0.738738739,1.994594595,0.004207589,0.527024324,65.7
25.46536339,6,871,cycle872,0.738438438,1.993783784,0.00420984,0.527306306,65.68
29.77723128,6,872,cycle873,0.738138138,1.992972973,0.004212091,0.527588288,65.65
25.1788144,6,873,cycle874,0.737837838,1.992162162,0.004214342,0.52787027,65.62
24.74671561,6,874,cycle875,0.737537538,1.991351351,0.004216594,0.528152252,65.59
26.18303959,6,875,cycle876,0.737237237,1.990540541,0.004218845,0.528434234,65.56
28.19392594,6,876,cycle877,0.736936937,1.98972973,0.004221096,0.528716216,65.53
27.96333295,6,877,cycle878,0.736636637,1.988918919,0.004223347,0.528998198,65.5
24.75290508,6,878,cycle879,0.736336336,1.988108108,0.004225599,0.52928018,65.47
28.11447677,6,879,cycle880,0.736036036,1.987297297,0.00422785,0.529562162,65.44
24.78488905,6,880,cycle881,0.735735736,1.986486486,0.004230101,0.529844144,65.41
27.15432656,6,881,cycle882,0.735435435,1.985675676,0.004232352,0.530126126,65.38
24.6096374,6,882,cycle883,0.735135135,1.984864865,0.004234604,0.530408108,65.35
24.74655565,6,883,cycle884,0.734834835,1.984054054,0.004236855,0.53069009,65.32
25.45874803,6,884,cycle885,0.734534535,1.983243243,0.004239106,0.530972072,65.29
27.81443663,6,885,cycle886,0.734234234,1.982432432,0.004241357,0.531254054,65.26
26.6827477,6,886,cycle887,0.733933934,1.981621622,0.004243609,0.531536036,65.23
27.62796418,6,887,cycle888,0.733633634,1.980810811,0.00424586,0.531818018,65.21
28.52911052,6,888,cycle889,0.733333333,1.98,0.004248111,0.5321,65.18
29.3374729,6,889,cycle890,0.733033033,1.979189189,0.004250362,0.532381982,65.15
29.92590558,6,890,cycle891,0.732732733,1.978378378,0.004252614,0.532663964,65.12
27.76520136,6,891,cycle892,0.732432432,1.977567568,0.004254865,0.532945946,65.09
28.29931301,6,892,cycle893,0.732132132,1.976756757,0.004257116,0.533227928,65.06
26.9044846,6,893,cycle894,0.731831832,1.975945946,0.004259367,0.53350991,65.03
24.24978988,6,894,cycle895,0.731531532,1.975135135,0.004261619,0.533791892,65
27.77737954,6,895,cycle896,0.731231231,1.974324324,0.00426387,0.534073874,64.97
29.62138047,6,896,cycle897,0.730930931,1.973513514,0.004266121,0.534355856,64.94
25.7762777,6,897,cycle898,0.730630631,1.972702703,0.004268372,0.534637838,64.91
26.67699261,6,898,cycle899,0.73033033,1.971891892,0.004270624,0.53491982,64.88
28.17576681,6,899,cycle900,0.73003003,1.971081081,0.004272875,0.535201802,64.86
29.44619085,6,900,cycle901,0.72972973,1.97027027,0.004275126,0.535483784,64.83
26.9728969,6,901,cycle902,0.729429429,1.969459459,0.004277377,0.535765766,64.8
28.94939789,6,902,cycle903,0.729129129,1.968648649,0.004279629,0.536047748,64.77
27.70881325,6,903,cycle904,0.728828829,1.967837838,0.00428188,0.53632973,64.74
26.10942228,6,904,cycle905,0.728528529,1.967027027,0.004284131,0.536611712,64.71
28.82854354,6,905,cycle906,0.728228228,1.966216216,0.004286382,0.536893694,64.68
24.08263131,6,906,cycle907,0.727927928,1.965405405,0.004288634,0.537175676,64.65
29.93342452,6,907,cycle908,0.727627628,1.964594595,0.004290885,0.537457658,64.62
27.9475239,6,908,cycle909,0.727327327,1.963783784,0.004293136,0.53773964,64.59
27.16959571,6,909,cycle910,0.727027027,1.962972973,0.004295387,0.538021622,64.57
24.00129083,6,910,cycle911,0.726726727,1.962162162,0.004297639,0.538303604,64.54
29.85312171,6,911,cycle912,0.726426426,1.961351351,0.00429989,0.538585586,64.51
24.20910709,6,912,cycle913,0.726126126,1.960540541,0.004302141,0.538867568,64.48
25.02486551,6,913,cycle914,0.725825826,1.95972973,0.004304392,0.53914955,64.45
28.17386025,6,914,cycle915,0.725525526,1.958918919,0.004306644,0.539431532,64.42
28.94425379,6,915,cycle916,0.725225225,1.958108108,0.004308895,0.539713514,64.39
25.41418789,6,916,cycle917,0.724924925,1.957297297,0.004311146,0.539995495,64.36
25.21308884,6,917,cycle918,0.724624625,1.956486486,0.004313397,0.540277477,64.33
26.82537077,6,918,cycle919,0.724324324,1.955675676,0.004315649,0.540559459,64.3
26.74396024,6,919,cycle920,0.724024024,1.954864865,0.0043179,0.540841441,64.28
28.19043961,6,920,cycle921,0.723723724,1.954054054,0.004320151,0.541123423,64.25
27.17427497,6,921,cycle922,0.723423423,1.953243243,0.004322402,0.541405405,64.22
29.61905783,6,922,cycle923,0.723123123,1.952432432,0.004324654,0.541687387,64.19
24.27006005,6,923,cycle924,0.722822823,1.951621622,0.004326905,0.541969369,64.16
24.11501168,6,924,cycle925,0.722522523,1.950810811,0.004329156,0.542251351,64.13
25.41003619,6,925,cycle926,0.722222222,1.95,0.004331407,0.542533333,64.1
26.51809403,6,926,cycle927,0.721921922,1.949189189,0.004333659,0.542815315,64.07
24.00740559,6,927,cycle928,0.721621622,1.948378378,0.00433591,0.543097297,64.04
28.24334568,6,928,cycle929,0.721321321,1.947567568,0.004338161,0.543379279,64.02
27.14427644,6,929,cycle930,0.721021021,1.946756757,0.004340412,0.543661261,63.99
28.50592629,6,930,cycle931,0.720720721,1.945945946,0.004342664,0.543943243,63.96
24.38359,6,931,cycle932,0.72042042,1.945135135,0.004344915,0.544225225,63.93
29.02295385,6,932,cycle933,0.72012012,1.944324324,0.004347166,0.544507207,63.9
28.70976936,6,933,cycle934,0.71981982,1.943513514,0.004349417,0.544789189,63.87
26.09280328,6,934,cycle935,0.71951952,1.942702703,0.004351669,0.545071171,63.84
25.9508228,6,935,cycle936,0.719219219,1.941891892,0.00435392,0.545353153,63.81
24.36091925,6,936,cycle937,0.718918919,1.941081081,0.004356171,0.545635135,63.79
28.9793827,6,937,cycle938,0.718618619,1.94027027,0.004358422,0.545917117,63.76
26.16650617,6,938,cycle939,0.718318318,1.939459459,0.004360674,0.546199099,63.73
29.23204396,6,939,cycle940,0.718018018,1.938648649,0.004362925,0.546481081,63.7
26.01251898,6,940,cycle941,0.717717718,1.937837838,0.004365176,0.546763063,63.67
27.22031385,6,941,cycle942,0.717417417,1.937027027,0.004367427,0.547045045,63.64
24.40699774,6,942,cycle943,0.717117117,1.936216216,0.004369679,0.547327027,63.61
24.59941665,6,943,cycle944,0.716816817,1.935405405,0.00437193,0.547609009,63.59
27.12049822,6,944,cycle945,0.716516517,1.934594595,0.004374181,0.547890991,63.56
25.4084431,6,945,cycle946,0.716216216,1.933783784,0.004376432,0.548172973,63.53
28.8941581,6,946,cycle947,0.715915916,1.932972973,0.004378684,0.548454955,63.5
28.00477557,6,947,cycle948,0.715615616,1.932162162,0.004380935,0.548736937,63.47
25.47579778,6,948,cycle949,0.715315315,1.931351351,0.004383186,0.549018919,63.44
25.54007083,6,949,cycle950,0.715015015,1.930540541,0.004385437,0.549300901,63.41
25.23975188,6,950,cycle951,0.714714715,1.92972973,0.004387689,0.549582883,63.39
29.73781401,6,951,cycle952,0.714414414,1.928918919,0.00438994,0.549864865,63.36
24.31005416,6,952,cycle953,0.714114114,1.928108108,0.004392191,0.550146847,63.33
29.12184334,6,953,cycle954,0.713813814,1.927297297,0.004394442,0.550428829,63.3
26.39768563,6,954,cycle955,0.713513514,1.926486486,0.004396694,0.550710811,63.27
26.32244328,6,955,cycle956,0.713213213,1.925675676,0.004398945,0.550992793,63.24
24.6345397,6,956,cycle957,0.712912913,1.924864865,0.004401196,0.551274775,63.21
27.127667,6,957,cycle958,0.712612613,1.924054054,0.004403447,0.551556757,63.19
27.32447586,6,958,cycle959,0.712312312,1.923243243,0.004405699,0.551838739,63.16
28.67978673,6,959,cycle960,0.712012012,1.922432432,0.00440795,0.552120721,63.13
26.7745088,6,960,cycle961,0.711711712,1.921621622,0.004410201,0.552402703,63.1
26.00898151,6,961,cycle962,0.711411411,1.920810811,0.004412452,0.552684685,63.07
29.91300469,6,962,cycle963,0.711111111,1.92,0.004414704,0.552966667,63.04
28.03161244,6,963,cycle964,0.710810811,1.919189189,0.004416955,0.553248649,63.02
26.94230731,6,964,cycle965,0.710510511,1.918378378,0.004419206,0.553530631,62.99
27.50452309,6,965,cycle966,0.71021021,1.917567568,0.004421457,0.553812613,62.96
24.03167982,6,966,cycle967,0.70990991,1.916756757,0.004423709,0.554094595,62.93
25.53262649,6,967,cycle968,0.70960961,1.915945946,0.00442596,0.554376577,62.9
26.87465473,6,968,cycle969,0.709309309,1.915135135,0.004428211,0.554658559,62.87
26.4427087,6,969,cycle970,0.709009009,1.914324324,0.004430462,0.554940541,62.85
27.41609047,6,970,cycle971,0.708708709,1.913513514,0.004432714,0.555222523,62.82
28.18654534,6,971,cycle972,0.708408408,1.912702703,0.004434965,0.555504505,62.79
27.11800955,6,972,cycle973,0.708108108,1.911891892,0.004437216,0.555786486,62.76
28.39641264,6,973,cycle974,0.707807808,1.911081081,0.004439467,0.556068468,62.73
28.2884593,6,974,cycle975,0.707507508,1.91027027,0.004441719,0.55635045,62.7
27.81536751,6,975,cycle976,0.707207207,1.909459459,0.00444397,0.556632432,62.68
26.04784413,6,976,cycle977,0.706906907,1.908648649,0.004446221,0.556914414,62.65
27.33344954,6,977,cycle978,0.706606607,1.907837838,0.004448472,0.557196396,62.62
28.37151225,6,978,cycle979,0.706306306,1.907027027,0.004450724,0.557478378,62.59
27.13692836,6,979,cycle980,0.706006006,1.906216216,0.004452975,0.55776036,62.56
28.6380929,6,980,cycle981,0.705705706,1.905405405,0.004455226,0.558042342,62.53
29.02001849,6,981,cycle982,0.705405405,1.904594595,0.004457477,0.558324324,62.51
29.84193654,6,982,cycle983,0.705105105,1.903783784,0.004459729,0.558606306,62.48
24.42985047,6,983,cycle984,0.704804805,1.902972973,0.00446198,0.558888288,62.45
29.68467073,6,984,cycle985,0.704504505,1.902162162,0.004464231,0.55917027,62.42
25.94248094,6,985,cycle986,0.704204204,1.901351351,0.004466482,0.559452252,62.39
26.59274125,6,986,cycle987,0.703903904,1.900540541,0.004468734,0.559734234,62.37
24.26150925,6,987,cycle988,0.703603604,1.89972973,0.004470985,0.560016216,62.34
29.88151025,6,988,cycle989,0.703303303,1.898918919,0.004473236,0.560298198,62.31
27.72559778,6,989,cycle990,0.703003003,1.898108108,0.004475487,0.56058018,62.28
27.11613968,6,990,cycle991,0.702702703,1.897297297,0.004477739,0.560862162,62.25
25.94543729,6,991,cycle992,0.702402402,1.896486486,0.00447999,0.561144144,62.22
25.51462628,6,992,cycle993,0.702102102,1.895675676,0.004482241,0.561426126,62.2
26.79461629,6,993,cycle994,0.701801802,1.894864865,0.004484492,0.561708108,62.17
27.6481965,6,994,cycle995,0.701501502,1.894054054,0.004486744,0.56199009,62.14
25.82926223,6,995,cycle996,0.701201201,1.893243243,0.004488995,0.562272072,62.11
27.47798575,6,996,cycle997,0.700900901,1.892432432,0.004491246,0.562554054,62.08
27.02364171,6,997,cycle998,0.700600601,1.891621622,0.004493497,0.562836036,62.06
28.64438843,6,998,cycle999,0.7003003,1.890810811,0.004495749,0.563118018,62.03
25.26239014,6,999,cycle1000,0.7,1.89,0.004498,0.5634,62
