Time_seconds,SOC
0,0.565976489930542
2.5,0.566236559374986
9,0.567588920486098
15.484,0.56893795270832
22.016,0.570296971597209
28.547,0.571655782430542
35.094,0.573017922152764
41.578,0.574366954374986
48.047,0.575713764236098
54.594,0.577076813263875
61.062,0.578422516597209
67.531,0.579768427986098
74.031,0.581120789097209
80.516,0.582470029374986
87.016,0.583822390486098
93.547,0.585181201319431
100.016,0.58652711270832
106.484,0.587873714374986
113,0.589231214374986
119.469,0.590578024236098
126.297,0.591997679236097
132.969,0.593375632569431
139.641,0.594732735902764
146.281,0.596060274791653
152.859,0.597353491319431
159.437,0.598625694791653
166.031,0.599881302291653
172.625,0.601117219374986
179.203,0.602331408541653
185.781,0.603527782291653
192.359,0.604706797430542
198.937,0.60587256520832
205.516,0.60702982958332
212.094,0.608177781944431
218.672,0.609316598194431
225.266,0.610449484027764
231.844,0.611570941666653
238.437,0.612686257499986
245.016,0.613790981249986
251.625,0.614892481249986
258.203,0.615983789722209
264.766,0.617072153888875
271.344,0.618157980694431
277.937,0.619241247222209
284.578,0.620328249791653
291.172,0.621402522291653
297.781,0.622477861666653
304.391,0.623549232499986
311,0.624615851666653
317.609,0.62568109395832
324.203,0.626743460624986
330.828,0.627806681111097
337.469,0.628863706944431
344.062,0.629908514305542
350.687,0.63095793270832
357.281,0.63200198270832
363.875,0.633045116874986
370.484,0.63408924708332
377.125,0.635133359861098
383.766,0.636169171388875
390.359,0.637193833472209
396.969,0.638220678611098
403.578,0.639246450486098
410.187,0.640270845486097
416.734,0.641280629305542
423.359,0.642297382777764
430,0.643311518819431
436.609,0.644316637569431
443.187,0.645312473680542
449.797,0.646308104930542
456.391,0.647300410347209
463.031,0.648294565902764
469.672,0.649280108749986
476.281,0.65025677208332
482.875,0.651230302916653
489.516,0.652205699791653
496.109,0.653169010347209
502.719,0.65413342770832
509.359,0.655098072152764
515.984,0.656052256180542
522.594,0.656999689513875
529.187,0.65794422833332
535.828,0.65889057083332
542.422,0.659825178749986
549.047,0.660759579791653
555.656,0.661687593541653
562.297,0.662615027638875
568.891,0.663530860972209
575.484,0.664445639722209
582.094,0.665361400138875
588.687,0.666273889652764
595.234,0.66717501145832
601.875,0.668080308888875
608.422,0.668968700416653
615.016,0.66986346958332
621.562,0.670750816249986
628.156,0.67164329583332
634.719,0.672527477777764
641.391,0.673422637777764
648,0.674304755694431
654.609,0.675182284027764
661.203,0.676057362777764
667.828,0.676936095416653
674.422,0.67780613708332
681.031,0.67867356833332
687.562,0.67953076208332
694.125,0.680391700069431
700.734,0.681258213402764
707.281,0.682116143194431
713.875,0.682979774027764
720.453,0.683836741249986
727.062,0.684693157499986
733.734,0.685553567499986
740.328,0.686399797499986
746.891,0.687242049166653
753.484,0.688087235138875
760.031,0.688925614861097
766.656,0.689773522847209
773.281,0.690620970763875
779.812,0.691455940972209
786.453,0.692299901388875
793.047,0.693133309722209
799.625,0.693961041388875
806.219,0.694787123055542
812.75,0.695605312222209
819.359,0.696433273055542
825.969,0.697260900138875
832.516,0.698080184444431
839.109,0.698904309444431
845.641,0.699719902222209
852.25,0.700544650347209
858.844,0.701366152847209
865.422,0.70218109395832
872.016,0.70299435395832
878.562,0.70380169395832
885.156,0.704614496041653
891.797,0.705428940902764
898.328,0.706226267152764
904.922,0.707031284652764
911.469,0.707829654930542
918.062,0.70863271895832
924.672,0.709437394652764
931.203,0.710231999652764
937.828,0.711034360763875
944.359,0.711821255555542
950.969,0.712617209722209
957.562,0.713410201111098
964.484,0.714241802499986
971.203,0.715045282916653
977.922,0.715845030555542
984.625,0.716642873749986
991.328,0.71744025145832
998.031,0.718237163680542
1004.734,0.719034075902764
1011.375,0.719822694652764
1018.078,0.720614021041653
1024.797,0.721403503541653
1031.5,0.722190640555542
1038.203,0.72297731208332
1044.906,0.723763983611098
1051.562,0.724544214722209
1058.281,0.725327164861098
1065,0.726106382222209
1071.734,0.726887339166653
1078.437,0.727664235486098
1085.141,0.728440782152764
1091.844,0.729216747499987
1098.562,0.729989784027764
1105.266,0.730756554027764
1111.969,0.731523209652764
1118.672,0.732289865277764
1125.359,0.733054226527764
1132.062,0.733819951180542
1138.797,0.734585122013875
1145.5,0.735342933402764
1152.187,0.736098935902764
1158.891,0.736856860347209
1165.594,0.737613740763875
1172.234,0.73836258520832
1178.937,0.739118069166653
1185.969,0.739906239166653
1192.828,0.740670255555542
1199.625,0.741426421805542
1206.422,0.742182588055542
1213.281,0.742945651805542
1220.078,0.743701346041653
1226.906,0.744456219374986
1233.703,0.745203889374986
1240.5,0.745951559374986
1247.359,0.746705096736098
1254.219,0.747457791180542
1261.016,0.748203101111098
1267.844,0.748947542777764
1274.703,0.749691553749986
1281.5,0.750428367430542
1288.297,0.751164709097209
1295.156,0.751907767430542
1301.969,0.752644896180542
1308.797,0.753378906180542
1315.594,0.754105807569431
1322.391,0.75483270895832
1329.187,0.75555903145832
1336.016,0.75628461270832
1342.812,0.757002912152764
1349.672,0.757727976041653
1356.469,0.758445437152764
1363.25,0.759160267569431
1370.047,0.759876784652764
1376.906,0.760599361249986
1383.719,0.761316618749986
1390.516,0.762032191805542
1397.375,0.762753815763875
1404.187,0.763470021874986
1410.984,0.764183706874986
1417.766,0.764894874930542
1424.594,0.765606599097209
1431.406,0.766308613541653
1438.203,0.767005306041653
1445.062,0.767707400902764
1451.922,0.768405310624986
1458.781,0.769099784374986
1465.984,0.769824586249986
1472.906,0.770513421388875
1479.875,0.771206933680542
1486.797,0.771895288124986
1493.812,0.77258948083332
1500.703,0.77327140270832
1507.656,0.773958977152764
1514.609,0.774642688819431
1521.5,0.775316475486098
1528.484,0.776003235486098
1535.406,0.776686782986098
1542.375,0.777374003819431
1549.328,0.778059164027764
1556.219,0.778737257569431
1563.187,0.779422444236098
1570.109,0.780098781319431
1577.062,0.780773318888875
1583.969,0.781442914166653
1590.953,0.782119974166653
1597.922,0.782795096041653
1604.891,0.78346973395832
1611.875,0.78414485395832
1618.797,0.784813019236097
1625.719,0.78547733895832
1632.719,0.786141366736097
1639.703,0.786796116736098
1646.719,0.787453866736098
1653.703,0.788108616736098
1660.75,0.788768783611097
1667.766,0.789429456944431
1674.75,0.790082266944431
1681.656,0.790726826944431
1688.578,0.791372880277764
1695.531,0.792017481319431
1702.5,0.792663081736097
1709.391,0.793300499236097
1716.359,0.79394407145832
1723.25,0.79458005333332
1730.219,0.795222749999986
1737.172,0.795863488263875
1744.062,0.796496985486097
1751.047,0.797133881666653
1758.047,0.797763881666653
1765,0.798380960416653
1771.891,0.798983922916653
1778.875,0.799595022916653
1785.812,0.800201528680542
1792.766,0.800805174513875
1799.719,0.801407767847209
1806.672,0.802009395486098
1813.625,0.802610540277764
1820.516,0.803205367569431
1827.484,0.803806357569431
1834.437,0.804405088124986
1841.344,0.804998418611097
1848.297,0.805594734930542
1855.266,0.806190971597209
1862.172,0.806780379513875
1869.141,0.807374196388875
1876.125,0.807960561388875
1883.078,0.808532252499986
1890.062,0.809098732499986
1896.984,0.809651531111097
1903.937,0.810201976944431
1910.906,0.810753689444431
1917.797,0.811299226944431
1924.75,0.811849672777764
1931.734,0.812402087777764
1938.625,0.812946668194431
1945.594,0.813497412777764
1952.547,0.814046410069431
1959.437,0.814589954513875
1966.437,0.815138287847209
1973.391,0.815679154513875
1980.281,0.81621408645832
1987.25,0.81675418395832
1994.219,0.817293797499986
2001.109,0.817826815555542
2008.078,0.818364977222209
2015.062,0.818899447222209
2021.969,0.819424187361097
2028.922,0.819952422222209
2035.891,0.820481388680542
2042.781,0.821003880347209
2049.719,0.821530012013875
2056.641,0.822050123402764
2063.609,0.822573207291653
2070.562,0.823095165138875
2077.531,0.823613484513875
2084.5,0.824135191597209
2091.484,0.824657536597209
2098.484,0.825176703263875
2105.5,0.825693158819431
2112.5,0.826208436597209
2119.516,0.82672391770832
2126.484,0.827231033263875
2133.562,0.827746154374986
2140.562,0.82825511270832
2147.609,0.82876308395832
2154.609,0.829263778402764
2161.625,0.829765617291653
2168.641,0.830267456180542
2175.672,0.830770367986097
2182.656,0.831268947986098
2189.656,0.831767697986098
2196.719,0.832267012847209
2203.703,0.832756862847209
2210.734,0.833249521111098
2217.656,0.833734061111097
2224.656,0.834224061111097
2231.625,0.834711891111098
2238.594,0.835198753194431
2245.625,0.835688970138875
2252.531,0.836170471805542
2259.531,0.836658041249986
2266.5,0.837142967499986
2273.469,0.837627893749986
2280.375,0.838107956666653
2287.391,0.838591281111098
2294.391,0.83907350333332
2301.328,0.83955042208332
2308.328,0.84002292208332
2315.25,0.840486311527764
2322.25,0.840954922638875
2329.234,0.841422462638875
2336.234,0.841891073749986
2343.219,0.842358195624986
2350.172,0.842822694652764
2357.078,0.843284053819431
2364.062,0.843750623819431
2371.047,0.844217260624986
2378.016,0.844681860624986
2385,0.845146490624986
2391.891,0.845604454999986
2398.859,0.846067052777764
2405.875,0.846528939444431
2412.844,0.846983860277764
2419.75,0.847433709444431
2426.75,0.847888709444431
2433.734,0.848342669444431
2440.734,0.848793780555542
2447.703,0.849239022222209
2454.594,0.849679280555542
2461.578,0.850125480555542
2468.547,0.850570238263875
2475.516,0.851014512013875
2482.406,0.851453749513875
2489.391,0.851899043263875
2496.391,0.852344807152764
2503.391,0.852785709930542
2510.359,0.853220242152764
2517.328,0.853654836736097
2524.234,0.854085502569431
2531.219,0.854521094930542
2538.187,0.854955143263875
2545.172,0.855389765486098
2552.062,0.855818476597209
2559.047,0.856253098819431
2566.031,0.856687173819431
2573,0.857119832569431
2579.891,0.857547648819431
2586.891,0.857982232152764
2593.875,0.858414852152764
2600.844,0.858845575069431
2607.75,0.859272404236098
2614.734,0.859699689236098
2621.641,0.86011794645832
2628.625,0.86054086645832
2635.641,0.86096182645832
2642.609,0.861376035347209
2649.562,0.861789352569431
2656.469,0.862199935347209
2663.422,0.862613252569431
2670.391,0.863026552986098
2677.297,0.863435157986097
2684.281,0.863848377986097
2691.25,0.864260710486098
2698.219,0.864672559027764
2705.109,0.865079260416653
2712.109,0.865492454861097
2719.062,0.865902874999986
2725.969,0.866310579861097
2732.922,0.866720517152764
2739.828,0.867127203819431
2746.844,0.867535496041653
2753.766,0.867933511041653
2760.672,0.868330606041653
2767.625,0.868730403541653
2774.531,0.869127498541653
2781.484,0.869523433263875
2788.437,0.86991550520832
2795.359,0.870305829097209
2802.328,0.870698803263875
2809.281,0.871090392361098
2816.172,0.871478011111098
2823.156,0.871870861111097
2830.109,0.872261967361098
2837.016,0.872650486111098
2844.031,0.873045079861098
2850.937,0.873432583194431
2857.937,0.873824388749986
2864.922,0.874215354722209
2871.906,0.874605779722209
2878.891,0.874995775555542
2885.844,0.875383984722208
2892.75,0.875769569722209
2899.75,0.876155541944431
2906.719,0.876534965277764
2913.672,0.876913517499986
2920.578,0.87728951083332
2927.562,0.87766975083332
2934.531,0.87804869020832
2941.484,0.878426276736097
2948.391,0.87880136520832
2955.375,0.87918063520832
2962.344,0.879558606666653
2969.312,0.879936039999986
2976.203,0.880309302499986
2983.219,0.880685438055542
2990.187,0.881055129166653
2997.141,0.881424077499986
3004.031,0.88178867333332
3011.016,0.882157326111097
3017.984,0.882525081666653
3024.937,0.88289156270832
3031.828,0.883254297291653
3038.828,0.883617908402764
3045.781,0.883974249652764
3052.656,0.884326593402764
3059.625,0.884683754652764
3066.578,0.885039613055542
3073.484,0.885392586388875
3080.469,0.885745716944431
3087.422,0.886093366944431
3094.328,0.886437707777764
3101.281,0.886783426388875
3108.234,0.887129144999986
3115.141,0.887472096736097
3122.125,0.887814506736097
3129.078,0.888151534097209
3135.984,0.888485803680542
3142.937,0.888821865347208
3149.906,0.889158700347209
3156.797,0.889490808263875
3163.766,0.889825707430542
3170.75,0.890157447430542
3177.641,0.890480941597209
3184.594,0.890807346319431
3191.562,0.891133971319431
3198.453,0.891456508402764
3205.422,0.891782696319431
3212.375,0.892108135347208
3219.266,0.892429715347208
3226.234,0.892753920902764
3233.219,0.893075036874986
3240.109,0.893387957708319
3247.078,0.89370446645832
3254.047,0.894020975208319
3261,0.894336274444431
3267.891,0.894648283611097
3274.859,0.894963779166653
3281.812,0.895278595555542
3288.828,0.895596264444431
3295.797,0.895910837361097
3302.687,0.896220887361097
3309.656,0.896534492361097
3316.609,0.896847377361097
3323.531,0.897155021805542
3330.484,0.897460181249986
3337.453,0.897766042916653
3344.344,0.898068481249986
3351.312,0.898373815138875
3358.281,0.898678708888875
3365.172,0.898980190138875
3372.125,0.899284383888875
3379.094,0.899589277638875
3386.062,0.899894127638875
3392.953,0.900195130347209
3399.922,0.900499056180542
3406.875,0.900802284236097
3413.797,0.901099353402764
3420.703,0.901391419652764
3427.625,0.901684643263875
3434.516,0.901976075138875
3441.484,0.90227027958332
3448.375,0.902561232916653
3455.328,0.902854804027764
3462.281,0.903148375138875
3469.172,0.903439328472209
3476.141,0.903733575138875
3483.094,0.904026663402764
3489.984,0.904316617569431
3496.953,0.904609896319431
3503.922,0.904903175069431
3510.812,0.905193129236097
3517.812,0.905483823680542
3524.781,0.905769359097208
3531.734,0.90605423895832
3538.625,0.906336578541653
3545.594,0.90662211395832
3552.484,0.906904412569431
3559.469,0.907190603541653
3566.453,0.907475783541653
3573.422,0.907759383124986
3580.312,0.908039767847209
3587.266,0.908322757013875
3594.234,0.908606315902764
3601.141,0.908887392430542
3608.125,0.909171117430542
3615.078,0.90945310020832
3622.047,0.909735731874986
3628.937,0.910015159652764
3635.906,0.910297791319431
3642.859,0.910579774097209
3649.75,0.910859242430542
3656.734,0.911137632430542
3663.687,0.91141092395832
3670.578,0.911681778541653
3677.547,0.911954731041653
3684.5,0.912227056874986
3691.406,0.912497541874986
3698.359,0.91276986770832
3705.312,0.913042193541653
3712.203,0.913312091041653
3719.172,0.913585043541653
3726.141,0.91385751208332
3733.031,0.914126413472209
3740,0.914398398055542
3746.953,0.914669758194431
3753.859,0.914939284027764
3760.797,0.915210058749987
3767.766,0.91548204333332
3774.656,0.915750466249987
3781.609,0.916020860694431
3788.562,0.916291255138876
3795.469,0.916559860694431
3802.422,0.916830255138876
3809.375,0.91710064958332
3816.281,0.917369216249987
3823.25,0.917639264999987
3830.203,0.917907728055542
3837.094,0.918173797222209
3844.078,0.918439577222209
3851.031,0.918700314722209
3857.922,0.918958727222209
3864.906,0.919220627222209
3871.859,0.919481364722209
3878.828,0.919742702222209
3885.719,0.920001114722209
3892.687,0.920262414722209
3899.672,0.920519986597209
3906.562,0.920769749097209
3913.516,0.921022314513875
3920.469,0.92127532645832
3927.359,0.921526045902764
3934.328,0.921779156111098
3941.281,0.922031202361098
3948.172,0.922281001111098
3955.141,0.922533627361098
3962.094,0.922785673611098
3968.984,0.923035436111098
3975.953,0.923288062361098
3982.906,0.923540108611098
3989.797,0.923789907361098
3996.75,0.924040987916653
4003.719,0.92429167833332
4010.594,0.924538987361098
4017.562,0.924789641805542
4024.531,0.925040332222209
4031.422,0.925288216805542
4038.391,0.925538907222209
4045.344,0.92578902208332
4052.234,0.926036392222209
4059.219,0.926286688055542
4066.187,0.926536374722209
4073.078,0.926783302222209
4080.031,0.927032451388875
4087,0.927282173888875
4093.891,0.927528622847209
4100.875,0.927777912847209
4107.812,0.92802552520832
4114.719,0.928272066736098
4121.672,0.92852025020832
4128.641,0.928769004791653
4135.547,0.929011194374986
4142.531,0.929251754374987
4149.5,0.92949179770832
4156.469,0.929731841041653
4163.406,0.929970782152764
4170.312,0.930208655486098
4177.281,0.930448698819431
4184.25,0.930688742152764
4191.219,0.930928301527764
4198.156,0.931166279166653
4205.047,0.931402678749987
4212.031,0.931638388749987
4219,0.93186972083332
4225.953,0.932100521805542
4232.828,0.932328733611098
4239.812,0.932560563611098
4246.766,0.932791397777764
4253.734,0.933022696666653
4260.609,0.933250908472209
4267.594,0.933482771666653
4274.547,0.933713572638875
4281.516,0.933944904722209
4288.406,0.934173614444431
4295.391,0.934405477638875
4302.375,0.934636337638876
4309.344,0.934865733888876
4316.312,0.935095097222209
4323.266,0.935323999722209
4330.172,0.935551322222209
4337.141,0.935780234513875
4344.109,0.936008630069431
4351.078,0.936237058402764
4357.969,0.936462930069431
4364.937,0.936690841736098
4371.969,0.936920358402764
4379,0.937149842430542
4386,0.937374425763876
4393.016,0.937595624652764
4399.984,0.93781531020832
4406.969,0.938035531736098
4413.984,0.938255724791653
4420.984,0.938474474791653
4427.984,0.938693224791653
4434.984,0.938911974791653
4442.016,0.93913123645832
4449.016,0.939349014236098
4456,0.939566294236098
4463,0.939783585902764
4469.906,0.939997480069431
4476.937,0.940210851388876
4483.922,0.940418461111098
4490.922,0.940626516666653
4497.875,0.940833175277764
4504.859,0.941040755277764
4511.828,0.941247889444431
4518.812,0.941455469444431
4525.781,0.941662119652764
4532.687,0.941866422152764
4539.656,0.942068716736098
4546.641,0.942268080277764
4553.609,0.942466958611098
4560.5,0.942663160694431
4567.5,0.942862466249987
4574.469,0.943060889166653
4581.422,0.943258856527764
4588.406,0.943457706527765
4595.312,0.943654335694431
4602.297,0.943853214166653
4609.266,0.94405163708332
4616.234,0.944250031527764
4623.125,0.944446233611098
4630.109,0.944645083611098
4637.047,0.94484214208332
4644.016,0.94503959708332
4650.984,0.945237023749987
4657.891,0.94543272208332
4664.859,0.945630148749987
4671.828,0.945827603749987
4678.797,0.946025058749987
4685.766,0.946222513749987
4692.672,0.94641722458332
4699.609,0.946612809444431
4706.562,0.946808845416653
4713.469,0.947002625138875
4720.437,0.947198116249987
4727.422,0.947394084305542
4734.391,0.947589603472209
4741.391,0.947785992361098
4748.375,0.947981447361098
4755.359,0.948176417361098
4762.344,0.948371415277764
4769.328,0.948566385277764
4776.297,0.948760936527764
4783.25,0.948955041111098
4790.234,0.949150011111098
4797.156,0.949339404722209
4804.125,0.949526212638875
4811.094,0.949713020555542
4818.047,0.94989939958332
4825.031,0.95008660958332
4831.922,0.950271326666653
4838.891,0.95045813458332
4845.859,0.950644915694431
4852.844,0.950832152499987
4859.734,0.951016842777765
4866.703,0.951203650694431
4873.672,0.951389490694431
4880.641,0.951574362777765
4887.531,0.951758096111098
4894.5,0.951943936111098
4901.453,0.952128383749987
4908.437,0.952309773749987
4915.453,0.95248809708332
4922.391,0.952665401527765
4929.281,0.952842436249987
4936.234,0.953021089722209
4943.156,0.953198946666654
4950.047,0.953375049999987
4957,0.95355177208332
4963.937,0.953728087499987
4970.891,0.95390580083332
4977.797,0.954082287499987
4984.766,0.954259416249987
4991.734,0.95443651958332
4998.687,0.954613241666653
5005.641,0.954789989166653
5012.547,0.954965516666653
5019.516,0.955142645416653
5026.5,0.955320155416653
5033.469,0.955497284166653
5040.422,0.955674006249987
5047.312,0.95584912708332
5054.281,0.95602625583332
5061.266,0.956203791249987
5068.219,0.95638051333332
5075.187,0.956557616666653
5082.078,0.956732284374987
5089.062,0.956908824374987
5096.031,0.95708498520832
5103.031,0.957261929652764
5110,0.957438090486098
5116.969,0.957614251319431
5123.875,0.957788819652764
5130.844,0.957964980486098
5137.797,0.958140736874987
5144.687,0.958314900763875
5151.672,0.958490495902764
5158.641,0.958664720902764
5165.594,0.958838545902764
5172.484,0.959010795902764
5179.453,0.959185020902764
5186.406,0.959358845902764
5193.375,0.959533070902764
5200.344,0.959707295902764
5207.25,0.959879466319431
5214.219,0.960052723402764
5221.219,0.960226751180542
5228.172,0.960399610486098
5235.141,0.960572867569431
5242.047,0.960740721736098
5249.031,0.960906591736098
5255.984,0.961071725486098
5262.953,0.961237239236098
5269.937,0.961403109236098
5276.828,0.961566770486098
5283.844,0.961733400486098
5290.797,0.961898534236098
5297.766,0.962064047986098
5304.75,0.962229917986098
5311.672,0.962394315486098
5318.656,0.962560185486098
5325.609,0.962725319236098
5332.594,0.962891212986098
5339.922,0.963065252986098
5347.687,0.963249671736098
5355.406,0.963432997986098
5362.391,0.963598891736098
5369.422,0.963765389722209
5376.422,0.963931153611098
5383.375,0.964095804513876
5390.344,0.964260350347209
5397.234,0.964423030902765
5404.203,0.964587576736098
5411.156,0.964751744791653
5418.031,0.964914071180542
5425.031,0.96507934895832
5431.984,0.965243517013876
5438.937,0.965407685069431
5445.828,0.965570389236098
5452.812,0.965735289236098
5459.766,0.965898515069431
5466.734,0.966061101736098
5473.609,0.966221518402765
5480.594,0.966384501736098
5487.547,0.966546738402765
5494.5,0.966708975069431
5501.391,0.966869765069431
5508.375,0.967032725069431
5515.328,0.967194961736098
5522.281,0.967357198402764
5529.187,0.967518338402764
5536.172,0.967680836666653
5543.141,0.967842478749987
5550.141,0.968000950972209
5557.094,0.968154979236098
5564.062,0.968309823680542
5570.937,0.96846260145832
5577.922,0.968617823680542
5584.891,0.968772206388876
5591.844,0.968926234652765
5598.812,0.96908059520832
5605.719,0.969233124791653
5612.687,0.96938700145832
5619.656,0.96954090020832
5626.625,0.96969479895832
5633.594,0.96984869770832
5640.484,0.969999894930542
5647.453,0.970151857847209
5654.406,0.970303471874987
5661.375,0.970455434791653
5668.266,0.970605696874987
5675.25,0.970757986874987
5682.219,0.970909949791653
5689.203,0.971058359791653
5696.172,0.971202579374987
5703.078,0.97134549520832
5710.047,0.971489714791653
5717.062,0.971634886319431
5724.031,0.971778621944431
5730.984,0.971921544722209
5737.969,0.972065125277765
5744.859,0.972206753055542
5751.859,0.972350641944431
5758.812,0.972493564722209
5765.781,0.972636816388876
5772.75,0.972780068055542
5779.641,0.972921716388876
5786.609,0.973063979722209
5793.562,0.973204971111098
5800.531,0.973346286944431
5807.437,0.973486325277764
5814.422,0.973627965555542
5821.391,0.973769281388876
5828.344,0.973910272777764
5835.312,0.97405156833332
5842.203,0.97419082395832
5849.172,0.974331171874987
5856.156,0.974468426874987
5863.125,0.974601999374987
5870.016,0.974734076874987
5877,0.974867936874987
5883.953,0.97500120270832
5890.922,0.97513477520832
5897.875,0.975268041041653
5904.844,0.975401613541653
5911.734,0.975533671874987
5918.687,0.97566693770832
5925.641,0.97580022270832
5932.594,0.975933488541653
5939.5,0.976065853541653
5946.469,0.976199426041653
5953.437,0.976332495486098
5960.391,0.976464814652764
5967.359,0.97659740020832
5974.25,0.976728520624987
5981.234,0.976861410624987
5988.187,0.976993710763876
5995.156,0.977126315347209
6002.031,0.977257131319431
6009.016,0.977390040347209
6015.984,0.977522625902765
6022.953,0.977655230486098
6029.828,0.97778604645832
6036.812,0.97791893645832
6043.797,0.978051845486098
6050.766,0.978183966111098
6057.719,0.978315300555542
6064.609,0.978445444999987
6071.562,0.978576779444431
6078.531,0.978708416111098
6085.5,0.978840052777764
6092.453,0.978971387222209
6099.359,0.979101833888876
6106.344,0.979233772777764
6113.312,0.979365390555542
6120.266,0.979496743888876
6127.234,0.979628361666653
6134.187,0.979758730416653
6141.078,0.979887936666653
6148,0.980017724166653
6154.969,0.980147424999987
6161.953,0.980273524999987
6168.844,0.980394596041653
6175.828,0.980517786041653
6182.812,0.980640491041653
6189.781,0.980762932499987
6196.75,0.980885857916654
6203.703,0.981008501111098
6210.672,0.981131426527764
6217.578,0.981253240694431
6224.547,0.981376166111098
6231.516,0.981499091527764
6238.562,0.981623375138876
6245.531,0.981746300555542
6252.5,0.981869225972209
6259.391,0.981990775555542
6266.359,0.982113199444431
6273.328,0.982235640902765
6280.281,0.982357801249987
6287.25,0.982479758749987
6295.016,0.982615663749987
6301.984,0.982737603749987
6309.031,0.982860926249987
6315.984,0.982982603749987
6322.922,0.983104018749987
6329.875,0.983225696249987
6336.844,0.983347653749987
6343.812,0.983469593749987
6350.781,0.983591551249987
6357.672,0.983712143749987
6364.641,0.983834101249987
6371.594,0.983955778749987
6378.562,0.984077718749987
6385.469,0.984198591249987
6392.437,0.984320531249987
6399.422,0.984442768749987
6406.391,0.984564726249987
6413.344,0.984685920902765
6420.312,0.984807377013876
6427.266,0.984928589097209
6434.172,0.985048484930542
6441.156,0.985169734930542
6448.141,0.985291002291654
6455.109,0.985411974513876
6462.047,0.985532425902765
6469.016,0.985653415486098
6475.906,0.985773033541653
6482.875,0.985894023124987
6489.844,0.98601501270832
6496.797,0.986135724513876
6503.703,0.986255620347209
6510.687,0.986376870347209
6517.641,0.986497599513876
6524.656,0.98661938770832
6531.656,0.986739943263876
6538.578,0.986858194097209
6545.609,0.986978307013876
6552.516,0.987096301597209
6559.453,0.987214808680543
6566.422,0.987333862430543
6573.391,0.987452916180543
6580.297,0.987570893680543
6587.25,0.987689674097209
6594.234,0.987805104097209
6601.187,0.98791615895832
6608.266,0.988029226319431
6615.281,0.98814127145832
6622.297,0.988254307013876
6629.312,0.988368300763876
6636.328,0.988482310763876
6643.359,0.988596564513876
6650.375,0.988710574513876
6657.391,0.988824584513876
6664.406,0.988938578263876
6671.422,0.989051613819431
6678.344,0.989162173541654
6685.312,0.989273467986098
6692.344,0.989386761319431
6699.312,0.989499023541654
6706.344,0.98961134020832
6713.297,0.989722395069431
6720.297,0.989834200624987
6727.281,0.989945750624987
6734.203,0.990056310347209
6741.187,0.990167860347209
6748.187,0.990279665902765
6755.156,0.990390976319431
6762.141,0.990502542291654
6769.062,0.990613086041654
6776.047,0.990724652013876
6783.016,0.990835962430542
6790,0.990947512430542
6796.969,0.991058822847209
6803.891,0.991169382569431
6810.891,0.991281188124987
6817.875,0.991392738124987
6824.906,0.991505038819431
6831.906,0.991616844374987
6838.812,0.99172666895832
6845.797,0.991837264791653
6852.781,0.991947844791653
6859.687,0.992057189791653
6866.672,0.992167785624987
6873.656,0.992278365624987
6880.625,0.992388708124987
6887.609,0.992499288124987
6894.516,0.99260864895832
6901.5,0.99271825895832
6908.469,0.992827633541653
6915.453,0.992937243541653
6922.422,0.99304565020832
6929.328,0.993153076874987
6936.297,0.993261483541653
6943.281,0.993370123541653
6950.25,0.99347853020832
6957.234,0.99358717020832
6964.141,0.993694132777764
6971.109,0.993801556111098
6978.078,0.993908994861098
6985.062,0.994016664861098
6991.969,0.994123147777764
6998.953,0.994230817777764
7005.937,0.994338487777764
7012.891,0.994445212361098
7019.875,0.994551912361098
7026.766,0.994657191527764
7033.781,0.994760467916653
7040.75,0.994859679374987
7047.719,0.99495889083332
7054.625,0.99505672583332
7061.578,0.995155709513875
7068.547,0.995254920972209
7075.516,0.995353648472209
7082.5,0.995452588472209
7089.391,0.995550210972209
7096.359,0.995648924305542
7103.328,0.995747651805542
7110.297,0.995846379305542
7117.266,0.995945106805542
7124.172,0.996042941805542
7131.156,0.996141881805542
7138.125,0.996240609305542
7145.094,0.996339336805542
7152.062,0.996438050138875
7158.953,0.996535672638875
7165.937,0.996634612638875
7172.891,0.996733127638875
7179.859,0.996831840972209
7186.766,0.996929690138875
7193.75,0.997028630138875
7200.719,0.997127357638876
7207.672,0.997224892777764
7214.672,0.997318712222209
7221.562,0.997407708055542
7228.516,0.997497530555542
7235.484,0.997587533888875
7242.453,0.997677550138875
7249.344,0.997766558888875
7256.328,0.997856768888875
7263.281,0.997946578472209
7270.266,0.998036801388875
7277.172,0.998126003888875
7284.141,0.998216020138875
7291.109,0.998306023472209
7298.078,0.998396039722209
7305.062,0.998486249722209
7311.984,0.998575658888875
7318.922,0.998665274722209
7325.875,0.998755084305542
7332.859,0.998845294305542
7339.766,0.998934509722209
7346.734,0.999024513055542
7353.703,0.999114529305542
7360.656,0.999204338888875
7367.562,0.999293541388875
7374.547,0.999383764305542
7381.531,0.999473974305542
7388.5,0.999563990555542
7395.469,0.999654006805542
7402.375,0.999743209305542
7409.359,0.999833419305542
7416.328,0.999923435555542
7423.297,1.00001345180554
7430.281,1.00010366180554
7437.172,1.00019267055554
7444.156,1.00028288055554
7451.141,1.00037310347221
7458.109,1.00046310680554
7465.078,1.00055312305554
7472,1.00064253222221
7478.953,1.00073234180554
7485.906,1.00082215138888
7492.875,1.00091216763888
7499.766,1.00100069784721
7506.734,1.00108973340276
7513.703,1.0011787817361
7520.594,1.00126683340276
7527.562,1.00135586895832
7534.531,1.00144491729165
7541.5,1.00153396562499
7548.406,1.00162220895832
7555.375,1.00171125729165
7562.344,1.00180030562499
7569.312,1.00188934118054
7576.281,1.00197838951388
7583.187,1.00206663284721
7590.141,1.00215548951388
7597.094,1.00224433340276
7604,1.0023325767361
7610.969,1.00242162506943
7617.953,1.00251086506943
7624.906,1.00259970895832
7631.812,1.00268795229165
7638.766,1.00277680895832
7645.719,1.00286565284721
7652.687,1.00295468840276
7659.594,1.00304294451388
7666.562,1.00313198006943
7673.516,1.00322035381943
7680.484,1.0033089054861
7687.391,1.00339716159721
7694.359,1.00348571326388
7701.312,1.00357359145832
7708.219,1.00366136791665
7715.187,1.00374991958332
7722.156,1.00383799999999
7729.125,1.00392608041665
7736.094,1.00401416083332
7743,1.00410144499999
7749.969,1.00418952541665
7756.937,1.00427759319443
7763.922,1.00436587583332
7770.812,1.00445295777776
7777.766,1.0045408486111
7784.719,1.00462872680554
7791.625,1.00471601097221
7798.594,1.00480409138888
7805.578,1.00489236138888
7812.531,1.00498023958332
7819.422,1.00506733416665
7826.391,1.00515541458332
7833.344,1.00524329277776
7840.344,1.0053278761111
7847.25,1.00540748694443
7854.187,1.00548745513888
7861.141,1.00556761930554
7868.109,1.0056479448611
7875.016,1.00572756722221
7881.984,1.00580789277776
7888.937,1.00588804541665
7895.906,1.00596838249999
7902.812,1.00604799333332
7909.781,1.00612833041665
7916.734,1.00620848305554
7923.703,1.00628882013888
7930.609,1.00636843097221
7937.578,1.00644876805554
7944.547,1.00652910513888
7951.516,1.00660944222221
7958.406,1.0066888686111
7965.359,1.00676902124999
7972.312,1.00684917388888
7979.281,1.00692951097221
7986.187,1.00700912180554
7993.125,1.00708910152776
8000.125,1.00716979597221
8007.031,1.00724940680554
8013.969,1.00732938652776
8020.922,1.00740953916665
8027.891,1.00748987624999
8034.781,1.00756930263888
8041.75,1.00764963972221
8048.703,1.0077297923611
8055.672,1.00781012944443
8062.578,1.00788974027776
8069.531,1.00796989291665
8076.5,1.00805022999999
8083.453,1.00813038263888
8090.359,1.00820999347221
8097.312,1.0082901461111
8104.281,1.00837048319443
8111.234,1.00845063583332
8118.141,1.00853025819443
8125.078,1.00861022638888
8132.047,1.00869056347221
8139.016,1.00877090055554
8145.922,1.00885051138888
8152.875,1.00893066402776
8159.875,1.00901135847221
8166.828,1.00909054541665
8173.797,1.00916894666665
8180.687,1.00924645916665
8187.641,1.00932469166665
8194.609,1.00940308166665
8201.578,1.00948148291665
8208.484,1.00955917541665
8215.422,1.00963722791665
8222.375,1.00971544916665
8229.266,1.00979297291665
8236.219,1.00987119416665
8243.172,1.00994893256943
8250.141,1.01002636590276
8257.047,1.0101030992361
8264,1.01018035479165
8270.953,1.01025761034721
8277.922,1.01033504368054
8284.828,1.01041177701388
8291.781,1.01048903256943
8298.75,1.01056646590276
8305.703,1.01064372145832
8312.609,1.01072045479165
8319.594,1.01079806590276
8326.562,1.0108750042361
8333.516,1.01095130506943
8340.484,1.01102775951388
8347.391,1.01110354465276
8354.375,1.01118017465276
8361.328,1.01125646451388
8368.25,1.0113280879861
8375.187,1.01139553104165
8382.156,1.01146425312499
8389.047,1.01153316312499
8396.016,1.01160285312499
8402.984,1.01167253312499
8409.875,1.01174144312499
8416.844,1.01181113312499
8423.812,1.01188081312499
8430.766,1.01195035312499
8437.672,1.01201941312499
8444.641,1.01208910312499
8451.609,1.01215878312499
8458.562,1.01222831312499
8465.453,1.01229722312499
8472.437,1.01236706312499
8479.406,1.01243675312499
8486.359,1.01250628312499
8493.25,1.01257519312499
8500.234,1.01264503312499
8507.187,1.01271456312499
8514.156,1.01278425312499
8521.062,1.01285331312499
8528.062,1.01292234090277
8535.031,1.0129910629861
8542,1.01305978506943
8548.953,1.01312834937499
8555.859,1.01319645020832
8562.828,1.01326517229165
8569.781,1.01333373659721
8576.75,1.01340149076388
8583.641,1.01346848659721
8590.594,1.01353608520832
8597.547,1.01360368381943
8604.516,1.0136714379861
8611.422,1.01373857965277
8618.359,1.01380602270832
8625.328,1.01387377687499
8632.297,1.01394153104165
8639.187,1.01400851715277
8646.125,1.01407596993054
8653.078,1.01414356854165
8659.984,1.01421071020832
8666.937,1.01427830881943
8673.891,1.01434591715277
8680.859,1.01441366159721
8687.781,1.01448095881943
8694.75,1.0145487129861
8701.703,1.01461631159721
8708.672,1.01468406576388
8715.625,1.01475166437499
8722.516,1.01481866020832
8729.484,1.01488640465277
8736.453,1.01495415881943
8743.406,1.01502175743054
8750.312,1.01508889909721
8757.281,1.01515665326388
8764.25,1.01522440743054
8771.219,1.01529216159721
8778.125,1.01535930326388
8785.109,1.01542720326388
8792.078,1.01549495743054
8799.047,1.01556271159721
8806.016,1.01563046576388
8812.922,1.01569760743054
8819.906,1.01576550743054
8826.875,1.01583326159721
8833.875,1.01590083104165
8840.844,1.01596761729165
8848.016,1.01603684701388
8854.984,1.01610410756943
8862.016,1.01617149756943
8869.047,1.0162388779861
8876.062,1.01630610506943
8883.078,1.0163733417361
8890.109,1.01644072215277
8897.141,1.01650811215277
8904.5,1.01657863590277
8911.531,1.01664601631943
8919.312,1.0167205842361
8926.297,1.01678752381943
8933.328,1.0168549042361
8940.328,1.01692198756943
8947.312,1.01698891756943
8954.297,1.01705585715277
8961.219,1.0171221929861
8968.172,1.01718882590277
8975.172,1.0172559092361
8982.187,1.01732313631943
8989.172,1.01739007590277
8996.094,1.0174564117361
9003.031,1.01752289131943
9010.016,1.01758983090277
9017,1.01765676090277
9023.906,1.01772294340277
9030.875,1.01778972965277
9037.859,1.01785665965277
9044.828,1.01792344590277
9051.812,1.01799037590277
9058.719,1.01805608833332
9065.672,1.01812223840277
9072.641,1.01818902465277
9079.609,1.01825580131943
9086.516,1.01832199340277
9093.469,1.01838862631943
9100.453,1.01845507131943
9107.359,1.01852029465277
9114.312,1.01858644472221
9121.281,1.01865274701388
9128.25,1.01871856534721
9135.187,1.01878408145832
9142.141,1.01884975812499
9149.109,1.01891556701388
9156.094,1.01898153645832
9163,1.01904675979165
9170,1.01910946812499
9176.969,1.01916851104165
9183.953,1.01922768104165
9190.859,1.01928619020832
9197.797,1.0193449704861
9204.766,1.01940401340277
9211.75,1.01946318340277
9218.656,1.01952169256943
9225.594,1.01958047284721
9232.562,1.01963950729165
9239.469,1.01969802493054
9246.406,1.0197567967361
9253.375,1.01981583965277
9260.344,1.01987488256943
9267.266,1.01993352729165
9274.203,1.01999229909721
9281.203,1.02005160465277
9288.156,1.02011051201388
9295.266,1.02017074951388
9302.234,1.02022978395832
9309.203,1.02028882687499
9316.125,1.02034747159721
9323.094,1.02040651451388
9330.094,1.02046582006943
9337.062,1.02052485451388
9344.016,1.02058377034721
9351.344,1.02064585479165
9358.266,1.02070449951388
9366.047,1.02077042187499
9372.953,1.02082893104165
9379.922,1.02088797395832
9386.891,1.02094701687499
9393.875,1.02100618687499
9400.859,1.02106535687499
9407.75,1.02112373895832
9414.703,1.02118264631943
9421.656,1.02124155368054
9428.562,1.02130006284721
9435.5,1.02135884312499
9442.453,1.0214177504861
9449.422,1.02147679340277
9456.312,1.02153516701388
9463.281,1.02159420993054
9470.234,1.02165263444443
9477.203,1.02171070944443
9484.109,1.02176873902777
9491.062,1.02182716354165
9498.016,1.02188511354165
9504.984,1.02194318020832
9511.891,1.02200073854165
9518.828,1.02205854687499
9525.781,1.02211648854165
9532.75,1.02217456354165
9539.656,1.02223211354165
9546.594,1.02228993020832
9553.594,1.02234826354165
9560.562,1.02240633020832
9567.469,1.0224629292361
9574.406,1.02251977409721
9581.359,1.02257675006943
9588.266,1.02263238979165
9595.203,1.02268827118054
9602.266,1.02274516756943
9609.25,1.02280142756943
9616.234,1.02285768756943
9623.203,1.0229138267361
9630.172,1.02296996590277
9637.078,1.02302559756943
9644.016,1.02308148701388
9650.984,1.02313761812499
9658.734,1.02320004868054
9665.687,1.02325605895832
9672.734,1.02331282645832
9679.703,1.02336896562499
9686.625,1.02342472618054
9693.562,1.02348060756943
9700.562,1.02353699645832
9707.516,1.02359301479165
9714.422,1.02364864645832
9721.359,1.02370452784721
9728.312,1.02376053812499
9735.281,1.02381667729165
9742.172,1.02387218812499
9749.141,1.02392832729165
9756.094,1.02398433756943
9763.062,1.02403998479165
9769.953,1.02409453854165
9776.937,1.02414982854165
9783.875,1.02420475437499
9790.781,1.02425942687499
9797.719,1.02431435270832
9804.672,1.02436939729165
9811.578,1.02442406979165
9818.531,1.02447911437499
9825.484,1.02453415895832
9832.375,1.02458871270832
9839.328,1.02464375729165
9846.297,1.02469892854165
9853.219,1.02474988215277
9860.172,1.02479768402777
9867.125,1.02484596874999
9874.094,1.02489436458332
9881,1.02494232291665
9887.969,1.02499071874999
9894.922,1.02503900347221
9901.891,1.02508739930554
9908.797,1.02513535763888
9915.734,1.02518353124999
9922.703,1.02523192708332
9929.656,1.02528021180554
9936.562,1.02532817013888
9943.5,1.02537635069443
9950.469,1.02542474652777
9957.375,1.0254727048611
9964.312,1.02552087847221
9971.281,1.02556927430554
9978.234,1.02561755902777
9985.141,1.02566552430554
9992.109,1.02571391319443
9999.062,1.02576219791665
10006.031,1.02581059374999
10012.969,1.02585877430554
10019.906,1.02590694791665
10026.859,1.02595523263888
10033.828,1.02600362847221
10040.734,1.02605158680554
10047.687,1.02609987152777
10054.641,1.02614816319443
10061.609,1.02619655208332
10068.516,1.0262445173611
10075.453,1.02629269097221
10082.422,1.02634108680554
10089.391,1.02638948263888
10096.297,1.02643744097221
10103.234,1.02648561458332
10110.219,1.02653412152777
10117.187,1.02658251041665
10124.078,1.02663036458332
10131.031,1.02667864930554
10137.984,1.02672693402776
10144.875,1.02677478819443
10151.828,1.02682307291665
10158.781,1.02687135763888
10165.734,1.0269196423611
10172.672,1.02696782291665
10179.609,1.02701599652776
10186.562,1.02706428124999
10193.531,1.02711267708332
10200.437,1.02716063541665
10207.406,1.02720903124999
10214.359,1.02725731597221
10221.312,1.02730560069443
10228.219,1.02735356597221
10235.156,1.02740173958332
10242.109,1.02745002430554
10249.078,1.02749842013888
10255.984,1.02754637847221
10262.922,1.02759455902777
10269.891,1.0276429548611
10276.844,1.02769123958332
10283.75,1.02773919791665
10290.687,1.02778737152777
10297.656,1.0278357673611
10304.547,1.02788362152777
10311.5,1.02793190624999
10318.453,1.02798019097221
10325.406,1.02802847569443
10332.344,1.02807665624999
10339.281,1.0281248298611
10346.234,1.02817311458332
10353.203,1.02822151041665
10360.109,1.02826946874999
10367.062,1.02831775347221
10374.016,1.02836604513888
10380.984,1.02841443402777
10387.891,1.02846239930554
10394.828,1.02851057291665
10401.797,1.02855896874999
10408.766,1.02860736458332
10415.672,1.02865532291665
10422.609,1.02870349652777
10429.578,1.0287518923611
10436.547,1.02880028819443
10443.453,1.02884824652777
10450.406,1.02889653124999
10457.359,1.02894481597221
10464.25,1.02899267013888
10471.203,1.0290409548611
10478.156,1.02908923958332
10485.109,1.02913752430554
10492.031,1.02918559374999
10498.984,1.02923387847221
10505.937,1.02928216319443
10512.828,1.0293300173611
10519.781,1.02937830208332
10526.734,1.02942658680554
10533.641,1.02947455208332
10540.578,1.02952272569443
10547.516,1.02957090624999
10554.484,1.02961929513888
10561.375,1.02966714930554
10568.344,1.02971506118054
10575.297,1.02976286305554
10582.266,1.02981077493054
10589.156,1.02985814368054
10596.125,1.02990605555554
10603.078,1.02995385743054
10610.031,1.03000165930554
10616.937,1.03004913805554
10623.891,1.03009694680554
10630.844,1.03014474868054
10637.734,1.03019259590277
10644.687,1.03024088062499
10651.672,1.03028938756943
10658.562,1.03033675631943
10665.516,1.03038408215277
10672.469,1.03043140118054
10679.344,1.03047818937499
10686.312,1.0305256104861
10693.266,1.03057293631943
10700.172,1.0306199354861
10707.109,1.03066714562499
10714.062,1.03071446465277
10720.969,1.03076147062499
10727.922,1.03080878965277
10734.875,1.03085610868054
10741.766,1.03090300576388
10748.734,1.03095042687499
10755.672,1.03099764381943
10762.562,1.03104453409721
10769.547,1.03109207090277
10776.5,1.03113938993054
10783.469,1.03118681784721
10790.422,1.03123317118054
10797.312,1.03127814756943
10804.25,1.03132343729165
10804.25,1.03132343729165
10813.579,1.03132291901388
10827.75,1.03034039634721
10841.172,1.02847995801388
10854.657,1.02661078718054
10868,1.02476129912499
10881.438,1.02289864301388
10894.875,1.02103612551388
10908.313,1.01917346940277
10921.704,1.01731732801388
10935.094,1.0154613252361
10948.5,1.01360310468054
10961.829,1.01175555718054
10975.157,1.00990814829165
10988.594,1.00804563079165
11001.938,1.00619600412499
11015.36,1.00433556579165
11028.641,1.00249467162499
11042.016,1.00064074801388
11055.422,0.998782527458321
11068.797,0.99692860384721
11082.204,0.995070244680543
11095.532,0.993222835791654
11108.875,0.991373347736099
11122.282,0.989514988569432
11135.672,0.987658985791654
11149.079,0.985800626624988
11162.407,0.983953217736099
11175.75,0.982103729680543
11189.047,0.980260617736099
11202.391,0.978410991069432
11215.813,0.976550552736099
11229.188,0.974696629124988
11242.61,0.972836190791654
11256.016,0.970977970236099
11269.375,0.969126264402765
11282.735,0.967274419958321
11296.11,0.96542049634721
11309.454,0.963570869680543
11322.86,0.961712649124988
11336.235,0.959858725513876
11349.594,0.958007019680543
11362.969,0.956153096069432
11376.329,0.954301251624988
11389.704,0.952447328013876
11403.11,0.950589107458321
11416.516,0.948730886902765
11429.891,0.946876963291654
11443.219,0.945029554402765
11456.594,0.943175630791654
11469.985,0.941319489402765
11483.391,0.93946126884721
11496.766,0.937607345236099
11510.157,0.93575120384721
11523.563,0.933892983291654
11536.875,0.932047792180543
11550.235,0.930195947736099
11563.563,0.92834853884721
11576.938,0.926494615236099
11590.297,0.924642909402765
11603.719,0.922782471069432
11617.094,0.920928547458321
11630.485,0.919072406069432
11643.813,0.917224997180543
11657.188,0.915371073569432
11670.594,0.913512853013876
11683.922,0.911665444124988
11697.282,0.909813599680543
11710.625,0.907964111624987
11724.047,0.906103673291654
11737.422,0.904249749680543
11750.844,0.90238931134721
11764.172,0.900541902458321
11777.485,0.898696572736099
11790.891,0.896838352180543
11804.188,0.894995240236099
11817.563,0.893141316624988
11830.985,0.891280878291654
11844.344,0.889429172458321
11857.75,0.887570951902765
11871.157,0.885712592736099
11884.547,0.883856589958321
11897.875,0.882009181069432
11911.204,0.880161633569432
11924.594,0.878305630791654
11937.86,0.876466815791654
11951.204,0.874617189124987
11964.516,0.872771998013876
11977.86,0.87092237134721
11991.219,0.869070665513876
12004.594,0.867216741902765
12017.969,0.865362818291654
12031.329,0.86351097384721
12044.719,0.861654971069432
12058.125,0.859796750513876
12071.5,0.857942826902765
12084.829,0.856095279402765
12098.188,0.854243573569432
12111.532,0.852393946902765
12124.891,0.850542241069432
12138.25,0.848690535236099
12151.641,0.84683439384721
12165.063,0.844973955513876
12178.454,0.843117814124987
12191.813,0.841266108291654
12205.204,0.839409966902765
12218.579,0.837556043291654
12231.907,0.835708634402765
12245.344,0.833846116902765
12258.672,0.831998708013876
12272.063,0.830142566624987
12285.391,0.828295157736099
12298.813,0.826434719402765
12312.188,0.824580795791654
12325.563,0.822726872180543
12338.938,0.820872948569432
12352.313,0.819019024958321
12365.688,0.81716510134721
12379.047,0.815313395513876
12392.454,0.81345503634721
12405.829,0.811601112736098
12419.141,0.809755921624987
12432.5,0.807904215791654
12445.813,0.806058886069432
12459.157,0.804209259402765
12472.579,0.802348821069432
12485.969,0.800492818291654
12499.36,0.798636676902765
12512.797,0.796774159402765
12526.11,0.794928829680543
12539.438,0.793081420791654
12552.844,0.791223200236098
12566.235,0.78936705884721
12579.625,0.787511056069432
12593.047,0.785650617736098
12606.391,0.783800991069432
12619.719,0.781953582180543
12633.079,0.780101737736099
12646.5,0.778241438013876
12659.907,0.77638307884721
12673.297,0.774527076069432
12686.657,0.772675231624987
12699.985,0.770827822736099
12713.329,0.768978196069432
12726.735,0.767119975513876
12740.079,0.76527034884721
12753.469,0.763414346069432
12766.86,0.761558204680543
12780.172,0.759713013569432
12793.516,0.757863386902765
12806.891,0.756009463291654
12820.297,0.754151242736098
12833.672,0.752297319124987
12847.079,0.750438959958321
12860.454,0.74858503634721
12873.813,0.746733330513876
12887.125,0.744888139402765
12900.532,0.743029780236098
12913.954,0.741169528319432
12927.329,0.73931579047221
12940.672,0.737466302416654
12954.047,0.735612378805543
12967.407,0.733760534361098
12980.844,0.731898016861098
12994.157,0.730052687138876
13007.5,0.728203199083321
13020.86,0.726351354638876
13034.282,0.724490916305543
13047.672,0.722634913527765
13061.047,0.720780989916654
13074.344,0.71893787797221
13087.704,0.717086033527765
13101.125,0.715225733805543
13114.532,0.713367374638876
13127.86,0.711519965749987
13141.219,0.709668259916654
13154.579,0.70781641547221
13167.969,0.705960412694432
13181.344,0.704106489083321
13194.704,0.702254644638876
13208.047,0.700405156583321
13221.469,0.698544718249987
13234.844,0.696690794638876
13248.282,0.694828138527765
13261.657,0.692974214916654
13275.016,0.691122509083321
13288.344,0.689275100194432
13301.719,0.687421176583321
13315.016,0.685578064638876
13328.391,0.683724141027765
13341.766,0.681870217416654
13355.188,0.680009779083321
13368.594,0.678151558527765
13382,0.67629333797221
13395.375,0.674439414361099
13408.719,0.672589787694432
13422.047,0.670742378805543
13435.438,0.668886237416654
13448.829,0.667030096027765
13462.219,0.665174093249987
13475.547,0.663326684361099
13488.907,0.661474839916654
13502.204,0.659631727972209
13515.594,0.657775725194432
13528.985,0.655919583805543
13542.329,0.654069957138876
13555.672,0.652220469083321
13569.032,0.650368624638876
13582.329,0.648525512694432
13595.672,0.646676024638876
13609.047,0.644822101027765
13622.422,0.642968177416654
13635.829,0.641109818249987
13649.188,0.639258112416654
13662.532,0.637408485749987
13675.938,0.635550265194432
13689.297,0.633698559361098
13702.704,0.631840200194432
13716.063,0.629988494361098
13729.422,0.628136788527765
13742.797,0.626282864916654
13756.141,0.624433238249987
13769.454,0.622587908527765
13782.797,0.62073842047221
13796.188,0.618882279083321
13809.61,0.617021840749987
13822.969,0.615170134916654
13836.297,0.613322726027765
13849.672,0.611468802416654
13863.079,0.609610443249987
13876.485,0.607752222694432
13889.813,0.605904813805543
13903.204,0.604048672416654
13916.563,0.602196966583321
13929.938,0.600343042972209
13943.297,0.598491337138876
13956.75,0.596626601861098
13970.125,0.594772678249987
13983.438,0.592927348527765
13996.813,0.591073424916654
14010.172,0.589221719083321
14023.469,0.587378607138876
14036.844,0.585524683527765
14050.25,0.583666462972209
14063.657,0.581808103805543
14076.969,0.579962912694432
14090.313,0.578113286027765
14103.704,0.576257144638876
14117.157,0.574392409361098
14130.532,0.572538485749987
14143.922,0.570682482972209
14157.297,0.568828559361098
14170.813,0.567891450027765
14184.329,0.567890699138876
14197.938,0.567889943083321
14211.532,0.567889187861098
14225,0.567888439638876
14238.532,0.567887687861098
14252.016,0.567886938749987
14265.532,0.567886187861098
14279.032,0.567885437861098
14292.563,0.567884686138876
14306.063,0.567883936138876
14319.516,0.567883188749987
14333.063,0.567882436138876
14346.579,0.567881685249987
14360.079,0.567880935249987
14373.532,0.567880187861098
14387.016,0.567879438749987
14400.563,0.567878686138876
14414.032,0.567877937861098
14427.547,0.567877187027765
14441.063,0.567876436138876
14454.704,0.567875678305543
14468.204,0.567874928305543
14481.704,0.567874178305543
14495.172,0.567873430083321
14508.625,0.567872682694432
14522.141,0.567871931805543
14535.657,0.567871180916654
14549.141,0.567870431805543
14562.657,0.567869680916654
14576.157,0.567868930916654
14589.672,0.567868180083321
14603.157,0.567867430916654
14616.657,0.567866680916654
14630.141,0.567865931805543
14643.719,0.567865177472209
14657.188,0.567864429194432
14670.719,0.567863865402765
14684.204,0.567863303527765
14697.672,0.567862555305543
14711.188,0.567861804416654
14724.625,0.567861057916654
14738.219,0.567860302694432
14751.766,0.567859550083321
14765.375,0.567858794027765
14778.922,0.567858041416654
14792.485,0.567857287916654
14806,0.567856537083321
14819.532,0.567855785305543
14833.125,0.567855030138876
14846.735,0.567854274027765
14860.297,0.567853520583321
14873.813,0.567852769694432
14887.297,0.56785202058332
14900.86,0.56785126708332
14914.391,0.567850515361098
14927.922,0.567849763638876
14941.454,0.567849011861098
14954.985,0.567848260138876
14968.516,0.567847508416654
14982.032,0.567846757527765
14995.532,0.567846195027765
15009.079,0.567845630569432
15022.579,0.567844880569432
15036.079,0.567844130569432
15049.579,0.567843380569432
15063.094,0.567842817444432
15076.579,0.567842255569432
15090.11,0.567841503847209
15103.688,0.567840749513876
15117.266,0.567839995180543
15130.782,0.567839244291654
15144.313,0.567838492569432
15157.891,0.567837738236098
15171.344,0.567836990847209
15184.891,0.567836238236098
15198.422,0.567835486513876
15211.922,0.567834736513876
15225.5,0.567833982180543
15239.125,0.567833225236098
15252.688,0.567832471736098
15266.25,0.567831718291654
15279.719,0.567830970013876
15293.219,0.567830220013876
15306.735,0.567829469124987
15320.25,0.567828905999987
15333.735,0.567828344124987
15347.266,0.567827592402765
15360.766,0.567826842402765
15374.25,0.567826093291654
15387.735,0.567825344124987
15401.282,0.567824591513876
15414.766,0.567823842402765
15428.266,0.567823092402765
15441.782,0.567822341513876
15455.297,0.567821590680543
15468.86,0.567820837180543
15482.344,0.567820088069432
15495.891,0.567819335458321
15509.438,0.567818582847209
15522.938,0.567817832847209
15536.454,0.56781708195832
15549.954,0.56781633195832
15563.454,0.56781558195832
15576.954,0.56781501945832
15590.469,0.567814456333321
15603.969,0.56781370633332
15617.5,0.567812954611098
15631,0.567812204611098
15644.454,0.567811457166654
15657.969,0.56781070633332
15671.469,0.56780995633332
15684.954,0.567809207166654
15698.469,0.56780845633332
15711.938,0.567807708055543
15725.485,0.567806955444431
15738.985,0.567806392944431
15752.469,0.567805831111098
15766,0.567805267319432
15779.454,0.567804706736098
15792.954,0.567803956736098
15806.469,0.567803205902765
15819.938,0.567802457624987
15833.5,0.567801704180543
15846.985,0.567800955013876
15860.5,0.567800204180543
15873.969,0.567799455902765
15887.438,0.567798707624987
15900.907,0.567797959347209
15914.407,0.567797209347209
15927.907,0.567796459347209
15941.391,0.567795710236098
15954.891,0.567794960236098
15968.391,0.567794210236098
15981.829,0.567793463680543
15995.313,0.567792901847209
16008.938,0.567792334138876
16022.579,0.567791576305543
16036.297,0.567790814194431
16050.11,0.567790238652765
16063.86,0.567789665736098
16077.625,0.567789092194431
16091.485,0.567788514694431
16105.25,0.567787749972209
16119.016,0.567786985194431
16132.766,0.567786221305542
16146.532,0.567785456527765
16160.313,0.567784690916654
16174.125,0.56778392358332
16187.891,0.567783158805543
16201.75,0.567782388861098
16215.547,0.567781622361098
